GAME_ID,GAME_DATE,MATCHUP,TEAM_ID,TEAM_ABBREVIATION,TEAM_NAME,WL,PTS
0022400062,2024-10-22,LAL vs. MIN,1610612747,LAL,Los Angeles Lakers,W,110
0022400061,2024-10-22,NYK @ BOS,1610612752,NYK,New York Knicks,L,109
0022400064,2024-10-23,ATL vs. BKN,1610612737,ATL,Atlanta Hawks,W,120
0022400069,2024-10-23,NOP vs. CHI,1610612740,NOP,New Orleans Pelicans,W,123
0022400070,2024-10-23,MEM @ UTA,1610612763,MEM,Memphis Grizzlies,W,126
0022400072,2024-10-23,POR vs. GSW,1610612757,POR,Portland Trail Blazers,L,104
0022400071,2024-10-23,LAC vs. PHX,1610612746,LAC,LA Clippers,L,113
0022400063,2024-10-23,IND @ DET,1610612754,IND,Indiana Pacers,W,115
0022400065,2024-10-23,MIA vs. ORL,1610612748,MIA,Miami Heat,L,97
0022400066,2024-10-23,MIL @ PHI,1610612749,MIL,Milwaukee Bucks,W,124
0022400067,2024-10-23,TOR vs. CLE,1610612761,TOR,Toronto Raptors,L,106
0022400068,2024-10-23,HOU vs. CHA,1610612745,HOU,Houston Rockets,L,105
0022400074,2024-10-24,DAL vs. SAS,1610612742,DAL,Dallas Mavericks,W,120
0022400075,2024-10-24,DEN vs. OKC,1610612743,DEN,Denver Nuggets,L,87
0022400076,2024-10-24,SAC vs. MIN,1610612758,SAC,Sacramento Kings,L,115
0022400073,2024-10-24,WAS vs. BOS,1610612764,WAS,Washington Wizards,L,102
0022400080,2024-10-25,CLE vs. DET,1610612739,CLE,Cleveland Cavaliers,W,113
0022400084,2024-10-25,GSW @ UTA,1610612744,GSW,Golden State Warriors,W,127
0022400081,2024-10-25,IND @ NYK,1610612754,IND,Indiana Pacers,L,98
0022400085,2024-10-25,PHX @ LAL,1610612756,PHX,Phoenix Suns,L,116
0022400082,2024-10-25,HOU vs. MEM,1610612745,HOU,Houston Rockets,W,128
0022400077,2024-10-25,BKN @ ORL,1610612751,BKN,Brooklyn Nets,L,101
0022400086,2024-10-25,NOP @ POR,1610612740,NOP,New Orleans Pelicans,W,105
0022400078,2024-10-25,TOR vs. PHI,1610612761,TOR,Toronto Raptors,W,115
0022400079,2024-10-25,CHA @ ATL,1610612766,CHA,Charlotte Hornets,L,120
0022400083,2024-10-25,MIL vs. CHI,1610612749,MIL,Milwaukee Bucks,L,122
0022400095,2024-10-26,PHX vs. DAL,1610612756,PHX,Phoenix Suns,W,114
0022400089,2024-10-26,BOS @ DET,1610612738,BOS,Boston Celtics,W,124
0022400090,2024-10-26,WAS vs. CLE,1610612764,WAS,Washington Wizards,L,116
0022400092,2024-10-26,MEM vs. ORL,1610612763,MEM,Memphis Grizzlies,W,124
0022400087,2024-10-26,DEN vs. LAC,1610612743,DEN,Denver Nuggets,L,104
0022400094,2024-10-26,HOU @ SAS,1610612745,HOU,Houston Rockets,L,106
0022400088,2024-10-26,CHA vs. MIA,1610612766,CHA,Charlotte Hornets,L,106
0022400093,2024-10-26,TOR @ MIN,1610612761,TOR,Toronto Raptors,L,101
0022400096,2024-10-26,LAL vs. SAC,1610612747,LAL,Los Angeles Lakers,W,131
0022400091,2024-10-26,OKC @ CHI,1610612760,OKC,Oklahoma City Thunder,W,114
0022400100,2024-10-27,ATL @ OKC,1610612737,ATL,Atlanta Hawks,L,104
0022400097,2024-10-27,IND vs. PHI,1610612754,IND,Indiana Pacers,L,114
0022400098,2024-10-27,MIL @ BKN,1610612749,MIL,Milwaukee Bucks,L,102
0022400099,2024-10-27,POR vs. NOP,1610612757,POR,Portland Trail Blazers,W,125
0022400101,2024-10-27,GSW vs. LAC,1610612744,GSW,Golden State Warriors,L,104
0022400110,2024-10-28,UTA @ DAL,1610612762,UTA,Utah Jazz,L,102
0022400104,2024-10-28,BOS vs. MIL,1610612738,BOS,Boston Celtics,W,119
0022400109,2024-10-28,SAS vs. HOU,1610612759,SAS,San Antonio Spurs,L,101
0022400112,2024-10-28,POR @ SAC,1610612757,POR,Portland Trail Blazers,L,98
0022400106,2024-10-28,CLE @ NYK,1610612739,CLE,Cleveland Cavaliers,W,110
0022400103,2024-10-28,ATL vs. WAS,1610612737,ATL,Atlanta Hawks,L,119
0022400108,2024-10-28,CHI @ MEM,1610612741,CHI,Chicago Bulls,W,126
0022400107,2024-10-28,TOR vs. DEN,1610612761,TOR,Toronto Raptors,L,125
0022400102,2024-10-28,ORL vs. IND,1610612753,ORL,Orlando Magic,W,119
0022400105,2024-10-28,DET @ MIA,1610612765,DET,Detroit Pistons,L,98
0022400111,2024-10-28,LAL @ PHX,1610612747,LAL,Los Angeles Lakers,L,105
0022400114,2024-10-29,DAL @ MIN,1610612742,DAL,Dallas Mavericks,W,120
0022400116,2024-10-29,GSW vs. NOP,1610612744,GSW,Golden State Warriors,W,124
0022400115,2024-10-29,UTA vs. SAC,1610612762,UTA,Utah Jazz,L,96
0022400113,2024-10-29,BKN vs. DEN,1610612751,BKN,Brooklyn Nets,L,139
0022400124,2024-10-30,MEM vs. BKN,1610612763,MEM,Memphis Grizzlies,L,106
0022400120,2024-10-30,DET @ PHI,1610612765,DET,Detroit Pistons,W,105
0022400122,2024-10-30,NYK @ MIA,1610612752,NYK,New York Knicks,W,116
0022400117,2024-10-30,CHA vs. TOR,1610612766,CHA,Charlotte Hornets,W,138
0022400119,2024-10-30,BOS @ IND,1610612738,BOS,Boston Celtics,L,132
0022400126,2024-10-30,GSW vs. NOP,1610612744,GSW,Golden State Warriors,W,104
0022400127,2024-10-30,LAC vs. POR,1610612746,LAC,LA Clippers,L,105
0022400118,2024-10-30,LAL @ CLE,1610612747,LAL,Los Angeles Lakers,L,110
0022400123,2024-10-30,ORL @ CHI,1610612753,ORL,Orlando Magic,L,99
0022400121,2024-10-30,ATL @ WAS,1610612737,ATL,Atlanta Hawks,L,120
0022400125,2024-10-30,SAS @ OKC,1610612759,SAS,San Antonio Spurs,L,93
0022400131,2024-10-31,LAC vs. PHX,1610612746,LAC,LA Clippers,L,119
0022400130,2024-10-31,SAS @ UTA,1610612759,SAS,San Antonio Spurs,W,106
0022400129,2024-10-31,DAL vs. HOU,1610612742,DAL,Dallas Mavericks,L,102
0022400128,2024-10-31,MEM vs. MIL,1610612763,MEM,Memphis Grizzlies,W,122
0022400137,2024-11-01,LAL @ TOR,1610612747,LAL,Los Angeles Lakers,W,131
0022400133,2024-11-01,CLE vs. ORL,1610612739,CLE,Cleveland Cavaliers,W,120
0022400139,2024-11-01,DEN @ MIN,1610612743,DEN,Denver Nuggets,L,116
0022400132,2024-11-01,CHA vs. BOS,1610612766,CHA,Charlotte Hornets,L,109
0022400135,2024-11-01,ATL vs. SAC,1610612737,ATL,Atlanta Hawks,L,115
0022400136,2024-11-01,BKN vs. CHI,1610612751,BKN,Brooklyn Nets,W,120
0022400138,2024-11-01,NOP vs. IND,1610612740,NOP,New Orleans Pelicans,W,125
0022400134,2024-11-01,NYK @ DET,1610612752,NYK,New York Knicks,W,128
0022400140,2024-11-01,POR vs. OKC,1610612757,POR,Portland Trail Blazers,L,114
0022400150,2024-11-02,LAC vs. OKC,1610612746,LAC,LA Clippers,L,92
0022400146,2024-11-02,SAS vs. MIN,1610612759,SAS,San Antonio Spurs,W,113
0022400141,2024-11-02,CHA vs. BOS,1610612766,CHA,Charlotte Hornets,L,103
0022400149,2024-11-02,PHX vs. POR,1610612756,PHX,Phoenix Suns,W,103
0022400142,2024-11-02,PHI vs. MEM,1610612755,PHI,Philadelphia 76ers,L,107
0022400144,2024-11-02,HOU vs. GSW,1610612745,HOU,Houston Rockets,L,121
0022400145,2024-11-02,CLE @ MIL,1610612739,CLE,Cleveland Cavaliers,W,114
0022400147,2024-11-02,MIA @ WAS,1610612748,MIA,Miami Heat,W,118
0022400143,2024-11-02,SAC @ TOR,1610612758,SAC,Sacramento Kings,L,128
0022400148,2024-11-02,DEN vs. UTA,1610612743,DEN,Denver Nuggets,W,129
0022400151,2024-11-03,DET @ BKN,1610612765,DET,Detroit Pistons,W,106
0022400152,2024-11-03,ATL @ NOP,1610612737,ATL,Atlanta Hawks,W,126
0022400153,2024-11-03,DAL vs. ORL,1610612742,DAL,Dallas Mavericks,W,108
0022400157,2024-11-04,BOS @ ATL,1610612738,BOS,Boston Celtics,W,123
0022400161,2024-11-04,NYK @ HOU,1610612752,NYK,New York Knicks,L,97
0022400163,2024-11-04,OKC vs. ORL,1610612760,OKC,Oklahoma City Thunder,W,102
0022400164,2024-11-04,NOP vs. POR,1610612740,NOP,New Orleans Pelicans,L,100
0022400165,2024-11-04,IND @ DAL,1610612754,IND,Indiana Pacers,W,134
0022400159,2024-11-04,SAC @ MIA,1610612758,SAC,Sacramento Kings,W,111
0022400154,2024-11-04,MIL @ CLE,1610612749,MIL,Milwaukee Bucks,L,114
0022400162,2024-11-04,MIN vs. CHA,1610612750,MIN,Minnesota Timberwolves,W,114
0022400168,2024-11-04,LAC vs. SAS,1610612746,LAC,LA Clippers,W,113
0022400158,2024-11-04,BKN vs. MEM,1610612751,BKN,Brooklyn Nets,W,106
0022400160,2024-11-04,CHI vs. UTA,1610612741,CHI,Chicago Bulls,L,126
0022400166,2024-11-04,TOR @ DEN,1610612761,TOR,Toronto Raptors,L,119
0022400155,2024-11-04,WAS vs. GSW,1610612764,WAS,Washington Wizards,L,112
0022400167,2024-11-04,PHX vs. PHI,1610612756,PHX,Phoenix Suns,W,118
0022400156,2024-11-04,DET vs. LAL,1610612765,DET,Detroit Pistons,W,115
0022400169,2024-11-06,CHA vs. DET,1610612766,CHA,Charlotte Hornets,W,108
0022400178,2024-11-06,PHX vs. MIA,1610612756,PHX,Phoenix Suns,W,115
0022400170,2024-11-06,IND vs. ORL,1610612754,IND,Indiana Pacers,W,118
0022400177,2024-11-06,OKC @ DEN,1610612760,OKC,Oklahoma City Thunder,L,122
0022400171,2024-11-06,ATL vs. NYK,1610612737,ATL,Atlanta Hawks,W,121
0022400180,2024-11-06,SAC vs. TOR,1610612758,SAC,Sacramento Kings,W,122
0022400179,2024-11-06,PHI @ LAC,1610612755,PHI,Philadelphia 76ers,L,98
0022400172,2024-11-06,BOS vs. GSW,1610612738,BOS,Boston Celtics,L,112
0022400176,2024-11-06,CHI @ DAL,1610612741,CHI,Chicago Bulls,L,99
0022400174,2024-11-06,LAL @ MEM,1610612747,LAL,Los Angeles Lakers,L,114
0022400173,2024-11-06,HOU vs. SAS,1610612745,HOU,Houston Rockets,W,127
0022400175,2024-11-06,CLE @ NOP,1610612739,CLE,Cleveland Cavaliers,W,131
0022400183,2024-11-07,SAS vs. POR,1610612759,SAS,San Antonio Spurs,W,118
0022400181,2024-11-07,CHI vs. MIN,1610612741,CHI,Chicago Bulls,L,119
0022400182,2024-11-07,MIL vs. UTA,1610612749,MIL,Milwaukee Bucks,W,123
0022400188,2024-11-08,CLE vs. GSW,1610612739,CLE,Cleveland Cavaliers,W,136
0022400186,2024-11-08,NOP @ ORL,1610612740,NOP,New Orleans Pelicans,L,88
0022400190,2024-11-08,DAL vs. PHX,1610612742,DAL,Dallas Mavericks,L,113
0022400196,2024-11-08,LAC @ SAC,1610612746,LAC,LA Clippers,W,107
0022400194,2024-11-08,DEN vs. MIA,1610612743,DEN,Denver Nuggets,W,135
0022400195,2024-11-08,PHI @ LAL,1610612755,PHI,Philadelphia 76ers,L,106
0022400192,2024-11-08,HOU @ OKC,1610612745,HOU,Houston Rockets,L,107
0022400185,2024-11-08,DET vs. ATL,1610612765,DET,Detroit Pistons,W,122
0022400187,2024-11-08,BOS vs. BKN,1610612738,BOS,Boston Celtics,W,108
0022400184,2024-11-08,IND @ CHA,1610612754,IND,Indiana Pacers,L,83
0022400193,2024-11-08,MIN vs. POR,1610612750,MIN,Minnesota Timberwolves,W,127
0022400189,2024-11-08,NYK vs. MIL,1610612752,NYK,New York Knicks,W,116
0022400191,2024-11-08,WAS @ MEM,1610612764,WAS,Washington Wizards,L,104
0022400200,2024-11-09,TOR @ LAC,1610612761,TOR,Toronto Raptors,L,103
0022400198,2024-11-09,ATL vs. CHI,1610612737,ATL,Atlanta Hawks,L,113
0022400197,2024-11-09,UTA @ SAS,1610612762,UTA,Utah Jazz,W,111
0022400199,2024-11-09,BKN @ CLE,1610612751,BKN,Brooklyn Nets,L,100
0022400203,2024-11-10,NYK @ IND,1610612752,NYK,New York Knicks,L,121
0022400208,2024-11-10,DAL @ DEN,1610612742,DAL,Dallas Mavericks,L,120
0022400207,2024-11-10,GSW @ OKC,1610612744,GSW,Golden State Warriors,W,127
0022400204,2024-11-10,ORL vs. WAS,1610612753,ORL,Orlando Magic,W,121
0022400209,2024-11-10,PHX vs. SAC,1610612756,PHX,Phoenix Suns,L,118
0022400210,2024-11-10,POR vs. MEM,1610612757,POR,Portland Trail Blazers,L,89
0022400205,2024-11-10,PHI vs. CHA,1610612755,PHI,Philadelphia 76ers,W,107
0022400201,2024-11-10,DET vs. HOU,1610612765,DET,Detroit Pistons,L,99
0022400211,2024-11-10,LAL vs. TOR,1610612747,LAL,Los Angeles Lakers,W,123
0022400206,2024-11-10,MIN vs. MIA,1610612750,MIN,Minnesota Timberwolves,L,94
0022400202,2024-11-10,BOS @ MIL,1610612738,BOS,Boston Celtics,W,113
0022400213,2024-11-11,WAS @ HOU,1610612764,WAS,Washington Wizards,L,92
0022400216,2024-11-11,SAC @ SAS,1610612758,SAC,Sacramento Kings,L,96
0022400215,2024-11-11,LAC @ OKC,1610612746,LAC,LA Clippers,L,128
0022400212,2024-11-11,CLE @ CHI,1610612739,CLE,Cleveland Cavaliers,W,119
0022400214,2024-11-11,NOP vs. BKN,1610612740,NOP,New Orleans Pelicans,L,105
0022400005,2024-11-12,TOR @ MIL,1610612761,TOR,Toronto Raptors,L,85
0022400004,2024-11-12,NYK @ PHI,1610612752,NYK,New York Knicks,W,111
0022400002,2024-11-12,DET vs. MIA,1610612765,DET,Detroit Pistons,W,123
0022400001,2024-11-12,ATL @ BOS,1610612737,ATL,Atlanta Hawks,W,117
0022400006,2024-11-12,UTA vs. PHX,1610612762,UTA,Utah Jazz,L,112
0022400003,2024-11-12,ORL vs. CHA,1610612753,ORL,Orlando Magic,W,114
0022400008,2024-11-12,POR vs. MIN,1610612757,POR,Portland Trail Blazers,W,122
0022400007,2024-11-12,DAL @ GSW,1610612742,DAL,Dallas Mavericks,L,117
0022400218,2024-11-13,BKN vs. BOS,1610612751,BKN,Brooklyn Nets,L,114
0022400226,2024-11-13,POR vs. MIN,1610612757,POR,Portland Trail Blazers,W,106
0022400219,2024-11-13,CHI @ NYK,1610612741,CHI,Chicago Bulls,W,124
0022400217,2024-11-13,ORL vs. IND,1610612753,ORL,Orlando Magic,W,94
0022400220,2024-11-13,PHI vs. CLE,1610612755,PHI,Philadelphia 76ers,L,106
0022400227,2024-11-13,SAC vs. PHX,1610612758,SAC,Sacramento Kings,W,127
0022400222,2024-11-13,LAC @ HOU,1610612746,LAC,LA Clippers,L,103
0022400224,2024-11-13,SAS vs. WAS,1610612759,SAS,San Antonio Spurs,W,139
0022400221,2024-11-13,NOP @ OKC,1610612740,NOP,New Orleans Pelicans,L,88
0022400225,2024-11-13,MEM @ LAL,1610612763,MEM,Memphis Grizzlies,L,123
0022400223,2024-11-13,MIL vs. DET,1610612749,MIL,Milwaukee Bucks,W,127
0022400228,2024-11-14,DAL @ UTA,1610612742,DAL,Dallas Mavericks,L,113
0022400016,2024-11-15,LAC @ HOU,1610612746,LAC,LA Clippers,L,104
0022400012,2024-11-15,ATL vs. WAS,1610612737,ATL,Atlanta Hawks,W,129
0022400013,2024-11-15,CLE vs. CHI,1610612739,CLE,Cleveland Cavaliers,W,144
0022400019,2024-11-15,GSW vs. MEM,1610612744,GSW,Golden State Warriors,W,123
0022400015,2024-11-15,LAL @ SAS,1610612747,LAL,Los Angeles Lakers,W,120
0022400011,2024-11-15,DET @ TOR,1610612765,DET,Detroit Pistons,W,99
0022400010,2024-11-15,ORL vs. PHI,1610612753,ORL,Orlando Magic,W,98
0022400018,2024-11-15,OKC vs. PHX,1610612760,OKC,Oklahoma City Thunder,W,99
0022400009,2024-11-15,IND vs. MIA,1610612754,IND,Indiana Pacers,L,111
0022400020,2024-11-15,MIN @ SAC,1610612750,MIN,Minnesota Timberwolves,W,130
0022400017,2024-11-15,NOP vs. DEN,1610612740,NOP,New Orleans Pelicans,W,101
0022400014,2024-11-15,BKN @ NYK,1610612751,BKN,Brooklyn Nets,L,122
0022400233,2024-11-16,UTA @ SAC,1610612762,UTA,Utah Jazz,L,117
0022400232,2024-11-16,SAS @ DAL,1610612759,SAS,San Antonio Spurs,L,93
0022400231,2024-11-16,NOP vs. LAL,1610612740,NOP,New Orleans Pelicans,L,99
0022400230,2024-11-16,TOR @ BOS,1610612761,TOR,Toronto Raptors,L,123
0022400229,2024-11-16,CHA vs. MIL,1610612766,CHA,Charlotte Hornets,W,115
0022400235,2024-11-17,IND vs. MIA,1610612754,IND,Indiana Pacers,W,119
0022400240,2024-11-17,NYK vs. BKN,1610612752,NYK,New York Knicks,W,114
0022400237,2024-11-17,DET @ WAS,1610612765,DET,Detroit Pistons,W,124
0022400236,2024-11-17,CLE vs. CHA,1610612739,CLE,Cleveland Cavaliers,W,128
0022400239,2024-11-17,POR vs. ATL,1610612757,POR,Portland Trail Blazers,W,114
0022400234,2024-11-17,MIN vs. PHX,1610612750,MIN,Minnesota Timberwolves,W,120
0022400242,2024-11-17,DAL @ OKC,1610612742,DAL,Dallas Mavericks,W,121
0022400238,2024-11-17,MEM vs. DEN,1610612763,MEM,Memphis Grizzlies,W,105
0022400241,2024-11-17,HOU @ CHI,1610612745,HOU,Houston Rockets,W,143
0022400243,2024-11-17,LAC vs. UTA,1610612746,LAC,LA Clippers,W,116
0022400248,2024-11-18,HOU @ MIL,1610612745,HOU,Houston Rockets,L,100
0022400247,2024-11-18,IND @ TOR,1610612754,IND,Indiana Pacers,L,119
0022400245,2024-11-18,MIA vs. PHI,1610612748,MIA,Miami Heat,W,106
0022400244,2024-11-18,CHI @ DET,1610612741,CHI,Chicago Bulls,W,122
0022400246,2024-11-18,NYK vs. WAS,1610612752,NYK,New York Knicks,W,134
0022400249,2024-11-18,ORL @ PHX,1610612753,ORL,Orlando Magic,W,109
0022400251,2024-11-18,GSW @ LAC,1610612744,GSW,Golden State Warriors,L,99
0022400250,2024-11-18,ATL @ SAC,1610612737,ATL,Atlanta Hawks,W,109
0022400021,2024-11-19,BOS vs. CLE,1610612738,BOS,Boston Celtics,W,120
0022400023,2024-11-19,MEM vs. DEN,1610612763,MEM,Memphis Grizzlies,L,110
0022400022,2024-11-19,BKN vs. CHA,1610612751,BKN,Brooklyn Nets,W,116
0022400024,2024-11-19,DAL vs. NOP,1610612742,DAL,Dallas Mavericks,W,132
0022400025,2024-11-19,OKC @ SAS,1610612760,OKC,Oklahoma City Thunder,L,104
0022400026,2024-11-19,UTA @ LAL,1610612762,UTA,Utah Jazz,L,118
0022400253,2024-11-20,MIL vs. CHI,1610612749,MIL,Milwaukee Bucks,W,122
0022400259,2024-11-20,ORL @ LAC,1610612753,ORL,Orlando Magic,L,93
0022400256,2024-11-20,POR @ OKC,1610612757,POR,Portland Trail Blazers,L,99
0022400252,2024-11-20,NOP @ CLE,1610612740,NOP,New Orleans Pelicans,L,100
0022400254,2024-11-20,HOU vs. IND,1610612745,HOU,Houston Rockets,W,130
0022400257,2024-11-20,PHX vs. NYK,1610612756,PHX,Phoenix Suns,L,122
0022400255,2024-11-20,MEM vs. PHI,1610612763,MEM,Memphis Grizzlies,W,117
0022400258,2024-11-20,ATL @ GSW,1610612737,ATL,Atlanta Hawks,L,97
0022400263,2024-11-21,LAL vs. ORL,1610612747,LAL,Los Angeles Lakers,L,118
0022400260,2024-11-21,CHA vs. DET,1610612766,CHA,Charlotte Hornets,W,123
0022400261,2024-11-21,MIN @ TOR,1610612750,MIN,Minnesota Timberwolves,L,105
0022400262,2024-11-21,SAS vs. UTA,1610612759,SAS,San Antonio Spurs,W,126
0022400027,2024-11-22,BKN @ PHI,1610612751,BKN,Brooklyn Nets,L,98
0022400034,2024-11-22,LAC vs. SAC,1610612746,LAC,LA Clippers,W,104
0022400028,2024-11-22,BOS @ WAS,1610612738,BOS,Boston Celtics,W,108
0022400033,2024-11-22,DAL @ DEN,1610612742,DAL,Dallas Mavericks,W,123
0022400031,2024-11-22,POR @ HOU,1610612757,POR,Portland Trail Blazers,L,88
0022400029,2024-11-22,MIL vs. IND,1610612749,MIL,Milwaukee Bucks,W,129
0022400030,2024-11-22,CHI vs. ATL,1610612741,CHI,Chicago Bulls,W,136
0022400032,2024-11-22,NOP vs. GSW,1610612740,NOP,New Orleans Pelicans,L,108
0022400270,2024-11-23,DEN @ LAL,1610612743,DEN,Denver Nuggets,W,127
0022400265,2024-11-23,ORL vs. DET,1610612753,ORL,Orlando Magic,W,111
0022400268,2024-11-23,MIL vs. CHA,1610612749,MIL,Milwaukee Bucks,W,125
0022400267,2024-11-23,HOU vs. POR,1610612745,HOU,Houston Rockets,L,98
0022400269,2024-11-23,SAS vs. GSW,1610612759,SAS,San Antonio Spurs,W,104
0022400266,2024-11-23,CHI vs. MEM,1610612741,CHI,Chicago Bulls,L,131
0022400264,2024-11-23,NYK @ UTA,1610612752,NYK,New York Knicks,L,106
0022400276,2024-11-24,SAC vs. BKN,1610612758,SAC,Sacramento Kings,L,103
0022400272,2024-11-24,WAS @ IND,1610612764,WAS,Washington Wizards,L,103
0022400273,2024-11-24,DAL @ MIA,1610612742,DAL,Dallas Mavericks,L,118
0022400275,2024-11-24,TOR @ CLE,1610612761,TOR,Toronto Raptors,L,108
0022400271,2024-11-24,MIN @ BOS,1610612750,MIN,Minnesota Timberwolves,L,105
0022400274,2024-11-24,PHI vs. LAC,1610612755,PHI,Philadelphia 76ers,L,99
0022400284,2024-11-25,GSW vs. BKN,1610612744,GSW,Golden State Warriors,L,120
0022400278,2024-11-25,TOR @ DET,1610612761,TOR,Toronto Raptors,L,100
0022400277,2024-11-25,ORL @ CHA,1610612753,ORL,Orlando Magic,W,95
0022400283,2024-11-25,NYK @ DEN,1610612752,NYK,New York Knicks,W,145
0022400280,2024-11-25,ATL vs. DAL,1610612737,ATL,Atlanta Hawks,L,119
0022400282,2024-11-25,POR @ MEM,1610612757,POR,Portland Trail Blazers,L,98
0022400279,2024-11-25,IND vs. NOP,1610612754,IND,Indiana Pacers,W,114
0022400281,2024-11-25,LAC @ BOS,1610612746,LAC,LA Clippers,L,94
0022400285,2024-11-25,SAC vs. OKC,1610612758,SAC,Sacramento Kings,L,109
0022400036,2024-11-26,MIL @ MIA,1610612749,MIL,Milwaukee Bucks,W,106
0022400038,2024-11-26,SAS @ UTA,1610612759,SAS,San Antonio Spurs,W,128
0022400037,2024-11-26,MIN vs. HOU,1610612750,MIN,Minnesota Timberwolves,L,111
0022400035,2024-11-26,WAS vs. CHI,1610612764,WAS,Washington Wizards,L,108
0022400039,2024-11-26,PHX vs. LAL,1610612756,PHX,Phoenix Suns,W,127
0022400294,2024-11-27,MIN vs. SAC,1610612750,MIN,Minnesota Timberwolves,L,104
0022400299,2024-11-27,GSW vs. OKC,1610612744,GSW,Golden State Warriors,L,101
0022400288,2024-11-27,IND vs. POR,1610612754,IND,Indiana Pacers,W,121
0022400298,2024-11-27,UTA vs. DEN,1610612762,UTA,Utah Jazz,L,103
0022400289,2024-11-27,ORL vs. CHI,1610612753,ORL,Orlando Magic,W,133
0022400296,2024-11-27,SAS vs. LAL,1610612759,SAS,San Antonio Spurs,L,101
0022400293,2024-11-27,MEM vs. DET,1610612763,MEM,Memphis Grizzlies,W,131
0022400290,2024-11-27,PHI vs. HOU,1610612755,PHI,Philadelphia 76ers,L,115
0022400297,2024-11-27,PHX vs. BKN,1610612756,PHX,Phoenix Suns,L,117
0022400292,2024-11-27,NYK @ DAL,1610612752,NYK,New York Knicks,L,114
0022400291,2024-11-27,WAS vs. LAC,1610612764,WAS,Washington Wizards,L,96
0022400287,2024-11-27,ATL @ CLE,1610612737,ATL,Atlanta Hawks,W,135
0022400295,2024-11-27,TOR @ NOP,1610612761,TOR,Toronto Raptors,W,119
0022400286,2024-11-27,MIA @ CHA,1610612748,MIA,Miami Heat,W,98
0022400046,2024-11-29,TOR @ MIA,1610612761,TOR,Toronto Raptors,L,111
0022400047,2024-11-29,BOS @ CHI,1610612738,BOS,Boston Celtics,W,138
0022400041,2024-11-29,ATL vs. CLE,1610612737,ATL,Atlanta Hawks,W,117
0022400049,2024-11-29,SAC @ POR,1610612758,SAC,Sacramento Kings,L,106
0022400048,2024-11-29,LAL vs. OKC,1610612747,LAL,Los Angeles Lakers,L,93
0022400040,2024-11-29,CHA vs. NYK,1610612766,CHA,Charlotte Hornets,L,98
0022400045,2024-11-29,DET @ IND,1610612765,DET,Detroit Pistons,W,130
0022400042,2024-11-29,NOP @ MEM,1610612740,NOP,New Orleans Pelicans,L,109
0022400044,2024-11-29,MIN vs. LAC,1610612750,MIN,Minnesota Timberwolves,W,93
0022400043,2024-11-29,BKN vs. ORL,1610612751,BKN,Brooklyn Nets,L,100
0022400302,2024-11-30,MIL vs. WAS,1610612749,MIL,Milwaukee Bucks,W,124
0022400300,2024-11-30,ATL @ CHA,1610612737,ATL,Atlanta Hawks,W,107
0022400304,2024-11-30,DAL @ UTA,1610612742,DAL,Dallas Mavericks,W,106
0022400301,2024-11-30,DET vs. PHI,1610612765,DET,Detroit Pistons,L,96
0022400303,2024-11-30,GSW @ PHX,1610612744,GSW,Golden State Warriors,L,105
0022400306,2024-12-01,MEM vs. IND,1610612763,MEM,Memphis Grizzlies,W,136
0022400312,2024-12-01,DAL @ POR,1610612742,DAL,Dallas Mavericks,W,137
0022400305,2024-12-01,ORL @ BKN,1610612753,ORL,Orlando Magic,W,100
0022400310,2024-12-01,HOU vs. OKC,1610612745,HOU,Houston Rockets,W,119
0022400308,2024-12-01,NYK vs. NOP,1610612752,NYK,New York Knicks,W,118
0022400314,2024-12-01,DEN @ LAC,1610612743,DEN,Denver Nuggets,L,122
0022400307,2024-12-01,BOS @ CLE,1610612738,BOS,Boston Celtics,L,111
0022400311,2024-12-01,UTA vs. LAL,1610612762,UTA,Utah Jazz,L,104
0022400309,2024-12-01,MIA @ TOR,1610612748,MIA,Miami Heat,L,116
0022400313,2024-12-01,SAC vs. SAS,1610612758,SAC,Sacramento Kings,L,125
0022400318,2024-12-02,MIN vs. LAL,1610612750,MIN,Minnesota Timberwolves,W,109
0022400317,2024-12-02,CHI vs. BKN,1610612741,CHI,Chicago Bulls,W,128
0022400315,2024-12-02,ATL vs. NOP,1610612737,ATL,Atlanta Hawks,W,124
0022400316,2024-12-02,BOS vs. MIA,1610612738,BOS,Boston Celtics,W,108
0022400055,2024-12-03,OKC vs. UTA,1610612760,OKC,Oklahoma City Thunder,W,133
0022400059,2024-12-03,HOU @ SAC,1610612745,HOU,Houston Rockets,L,111
0022400051,2024-12-03,CLE vs. WAS,1610612739,CLE,Cleveland Cavaliers,W,118
0022400053,2024-12-03,NYK vs. ORL,1610612752,NYK,New York Knicks,W,121
0022400060,2024-12-03,LAC vs. POR,1610612746,LAC,LA Clippers,W,127
0022400050,2024-12-03,PHI @ CHA,1610612755,PHI,Philadelphia 76ers,W,110
0022400057,2024-12-03,PHX vs. SAS,1610612756,PHX,Phoenix Suns,W,104
0022400058,2024-12-03,GSW @ DEN,1610612744,GSW,Golden State Warriors,L,115
0022400054,2024-12-03,TOR vs. IND,1610612761,TOR,Toronto Raptors,W,122
0022400052,2024-12-03,MIL @ DET,1610612749,MIL,Milwaukee Bucks,W,128
0022400056,2024-12-03,MEM @ DAL,1610612763,MEM,Memphis Grizzlies,L,116
0022400322,2024-12-04,ORL @ PHI,1610612753,ORL,Orlando Magic,W,106
0022400319,2024-12-04,BOS vs. DET,1610612738,BOS,Boston Celtics,W,130
0022400320,2024-12-04,BKN vs. IND,1610612751,BKN,Brooklyn Nets,W,99
0022400323,2024-12-04,ATL @ MIL,1610612737,ATL,Atlanta Hawks,W,119
0022400321,2024-12-04,LAL @ MIA,1610612747,LAL,Los Angeles Lakers,L,93
0022400324,2024-12-04,LAC vs. MIN,1610612746,LAC,LA Clippers,L,80
0022400329,2024-12-05,SAC @ MEM,1610612758,SAC,Sacramento Kings,L,110
0022400328,2024-12-05,OKC @ TOR,1610612760,OKC,Oklahoma City Thunder,W,129
0022400326,2024-12-05,DAL @ WAS,1610612742,DAL,Dallas Mavericks,W,137
0022400327,2024-12-05,CHA @ NYK,1610612766,CHA,Charlotte Hornets,L,101
0022400331,2024-12-05,CHI @ SAS,1610612741,CHI,Chicago Bulls,W,139
0022400330,2024-12-05,NOP vs. PHX,1610612740,NOP,New Orleans Pelicans,W,126
0022400325,2024-12-05,CLE vs. DEN,1610612739,CLE,Cleveland Cavaliers,W,126
0022400332,2024-12-05,GSW vs. HOU,1610612744,GSW,Golden State Warriors,W,99
0022400338,2024-12-06,GSW vs. MIN,1610612744,GSW,Golden State Warriors,L,90
0022400337,2024-12-06,SAC @ SAS,1610612758,SAC,Sacramento Kings,W,140
0022400333,2024-12-06,ORL @ PHI,1610612753,ORL,Orlando Magic,L,94
0022400336,2024-12-06,CHI vs. IND,1610612741,CHI,Chicago Bulls,L,123
0022400335,2024-12-06,BOS vs. MIL,1610612738,BOS,Boston Celtics,W,111
0022400339,2024-12-06,POR vs. UTA,1610612757,POR,Portland Trail Blazers,L,99
0022400334,2024-12-06,ATL vs. LAL,1610612737,ATL,Atlanta Hawks,W,134
0022400341,2024-12-07,WAS vs. DEN,1610612764,WAS,Washington Wizards,W,122
0022400342,2024-12-07,OKC @ NOP,1610612760,OKC,Oklahoma City Thunder,W,119
0022400340,2024-12-07,CLE @ CHA,1610612739,CLE,Cleveland Cavaliers,W,116
0022400344,2024-12-07,DAL @ TOR,1610612742,DAL,Dallas Mavericks,W,125
0022400343,2024-12-07,NYK vs. DET,1610612752,NYK,New York Knicks,L,111
0022400345,2024-12-07,BOS vs. MEM,1610612738,BOS,Boston Celtics,L,121
0022400346,2024-12-07,MIA vs. PHX,1610612748,MIA,Miami Heat,W,121
0022400350,2024-12-08,ATL vs. DEN,1610612737,ATL,Atlanta Hawks,L,111
0022400356,2024-12-08,HOU @ LAC,1610612745,HOU,Houston Rockets,W,117
0022400347,2024-12-08,PHI @ CHI,1610612755,PHI,Philadelphia 76ers,W,108
0022400348,2024-12-08,MIL @ BKN,1610612749,MIL,Milwaukee Bucks,W,118
0022400355,2024-12-08,GSW vs. MIN,1610612744,GSW,Golden State Warriors,W,114
0022400353,2024-12-08,MEM @ WAS,1610612763,MEM,Memphis Grizzlies,W,140
0022400354,2024-12-08,NOP @ SAS,1610612740,NOP,New Orleans Pelicans,L,116
0022400352,2024-12-08,ORL vs. PHX,1610612753,ORL,Orlando Magic,W,115
0022400351,2024-12-08,CLE @ MIA,1610612739,CLE,Cleveland Cavaliers,L,113
0022400357,2024-12-08,SAC vs. UTA,1610612758,SAC,Sacramento Kings,W,141
0022400358,2024-12-08,LAL vs. POR,1610612747,LAL,Los Angeles Lakers,W,107
0022400349,2024-12-08,IND vs. CHA,1610612754,IND,Indiana Pacers,L,109
0022400359,2024-12-09,TOR vs. NYK,1610612761,TOR,Toronto Raptors,L,108
0022401201,2024-12-10,ORL @ MIL,1610612753,ORL,Orlando Magic,L,109
0022401203,2024-12-10,DAL @ OKC,1610612742,DAL,Dallas Mavericks,L,104
0022401204,2024-12-11,HOU vs. GSW,1610612745,HOU,Houston Rockets,W,91
0022401202,2024-12-11,NYK vs. ATL,1610612752,NYK,New York Knicks,L,100
0022401206,2024-12-12,TOR @ MIA,1610612761,TOR,Toronto Raptors,L,104
0022401207,2024-12-12,NOP vs. SAC,1610612740,NOP,New Orleans Pelicans,L,109
0022401205,2024-12-12,DET @ BOS,1610612765,DET,Detroit Pistons,L,99
0022401214,2024-12-13,PHX @ UTA,1610612756,PHX,Phoenix Suns,W,134
0022401211,2024-12-13,MEM vs. BKN,1610612763,MEM,Memphis Grizzlies,W,135
0022401212,2024-12-13,CHA @ CHI,1610612766,CHA,Charlotte Hornets,L,95
0022401209,2024-12-13,IND @ PHI,1610612754,IND,Indiana Pacers,W,121
0022401213,2024-12-13,DEN vs. LAC,1610612743,DEN,Denver Nuggets,W,120
0022401215,2024-12-13,SAS @ POR,1610612759,SAS,San Antonio Spurs,W,118
0022401210,2024-12-13,LAL @ MIN,1610612747,LAL,Los Angeles Lakers,L,87
0022401208,2024-12-13,CLE vs. WAS,1610612739,CLE,Cleveland Cavaliers,W,115
0022401230,2024-12-14,HOU @ OKC,1610612760,OKC,Oklahoma City Thunder,W,111
0022401229,2024-12-14,ATL @ MIL,1610612749,MIL,Milwaukee Bucks,W,110
0022401228,2024-12-15,GSW vs. DAL,1610612744,GSW,Golden State Warriors,L,133
0022401220,2024-12-15,LAL vs. MEM,1610612747,LAL,Los Angeles Lakers,W,116
0022401218,2024-12-15,MIN @ SAS,1610612750,MIN,Minnesota Timberwolves,W,106
0022401217,2024-12-15,BOS @ WAS,1610612738,BOS,Boston Celtics,W,112
0022401216,2024-12-15,IND vs. NOP,1610612754,IND,Indiana Pacers,W,119
0022401227,2024-12-15,ORL vs. NYK,1610612753,ORL,Orlando Magic,L,91
0022401219,2024-12-15,PHX vs. POR,1610612756,PHX,Phoenix Suns,W,116
0022401223,2024-12-16,TOR vs. CHI,1610612761,TOR,Toronto Raptors,L,121
0022401221,2024-12-16,DET vs. MIA,1610612765,DET,Detroit Pistons,W,125
0022401222,2024-12-16,CHA vs. PHI,1610612766,CHA,Charlotte Hornets,L,108
0022401224,2024-12-16,BKN vs. CLE,1610612751,BKN,Brooklyn Nets,L,101
0022401226,2024-12-16,UTA @ LAC,1610612762,UTA,Utah Jazz,L,107
0022401225,2024-12-16,SAC vs. DEN,1610612758,SAC,Sacramento Kings,L,129
0022400367,2024-12-19,MIN vs. NYK,1610612750,MIN,Minnesota Timberwolves,L,107
0022400370,2024-12-19,SAS vs. ATL,1610612759,SAS,San Antonio Spurs,W,133
0022400369,2024-12-19,IND @ PHX,1610612754,IND,Indiana Pacers,W,120
0022400363,2024-12-19,BOS vs. CHI,1610612738,BOS,Boston Celtics,L,108
0022400360,2024-12-19,UTA @ DET,1610612762,UTA,Utah Jazz,W,126
0022400372,2024-12-19,SAC vs. LAL,1610612758,SAC,Sacramento Kings,L,100
0022400371,2024-12-19,DEN @ POR,1610612743,DEN,Denver Nuggets,L,124
0022400361,2024-12-19,ORL vs. OKC,1610612753,ORL,Orlando Magic,L,99
0022400364,2024-12-19,BKN @ TOR,1610612751,BKN,Brooklyn Nets,W,101
0022400366,2024-12-19,MEM vs. GSW,1610612763,MEM,Memphis Grizzlies,W,144
0022400362,2024-12-19,CHA @ WAS,1610612766,CHA,Charlotte Hornets,L,114
0022400365,2024-12-19,HOU vs. NOP,1610612745,HOU,Houston Rockets,W,133
0022400368,2024-12-19,DAL vs. LAC,1610612742,DAL,Dallas Mavericks,L,95
0022400375,2024-12-20,MIA vs. OKC,1610612748,MIA,Miami Heat,L,97
0022400373,2024-12-20,PHI vs. CHA,1610612755,PHI,Philadelphia 76ers,W,108
0022400374,2024-12-20,MIL @ CLE,1610612749,MIL,Milwaukee Bucks,L,101
0022400384,2024-12-21,NOP vs. NYK,1610612740,NOP,New Orleans Pelicans,L,93
0022400383,2024-12-21,GSW @ MIN,1610612744,GSW,Golden State Warriors,W,113
0022400380,2024-12-21,CLE vs. PHI,1610612739,CLE,Cleveland Cavaliers,W,126
0022400379,2024-12-21,BKN vs. UTA,1610612751,BKN,Brooklyn Nets,L,94
0022400377,2024-12-21,ORL vs. MIA,1610612753,ORL,Orlando Magic,W,121
0022400386,2024-12-21,SAS vs. POR,1610612759,SAS,San Antonio Spurs,W,114
0022400382,2024-12-21,WAS @ MIL,1610612764,WAS,Washington Wizards,L,101
0022400387,2024-12-21,PHX vs. DET,1610612756,PHX,Phoenix Suns,L,125
0022400385,2024-12-21,DAL vs. LAC,1610612742,DAL,Dallas Mavericks,W,113
0022400381,2024-12-21,BOS @ CHI,1610612738,BOS,Boston Celtics,W,123
0022400376,2024-12-21,LAL @ SAC,1610612747,LAL,Los Angeles Lakers,W,103
0022400378,2024-12-21,MEM @ ATL,1610612763,MEM,Memphis Grizzlies,W,128
0022400390,2024-12-22,DEN @ NOP,1610612743,DEN,Denver Nuggets,W,132
0022400388,2024-12-22,HOU @ TOR,1610612745,HOU,Houston Rockets,W,114
0022400389,2024-12-22,IND @ SAC,1610612754,IND,Indiana Pacers,W,122
0022400394,2024-12-23,PHI vs. SAS,1610612755,PHI,Philadelphia 76ers,W,111
0022400402,2024-12-23,DEN vs. PHX,1610612743,DEN,Denver Nuggets,W,117
0022400401,2024-12-23,DAL vs. POR,1610612742,DAL,Dallas Mavericks,W,132
0022400393,2024-12-23,BOS @ ORL,1610612738,BOS,Boston Celtics,L,104
0022400395,2024-12-23,MIN @ ATL,1610612750,MIN,Minnesota Timberwolves,L,104
0022400396,2024-12-23,BKN @ MIA,1610612751,BKN,Brooklyn Nets,L,95
0022400398,2024-12-23,CHI vs. MIL,1610612741,CHI,Chicago Bulls,L,91
0022400399,2024-12-23,LAC @ MEM,1610612746,LAC,LA Clippers,W,114
0022400400,2024-12-23,OKC vs. WAS,1610612760,OKC,Oklahoma City Thunder,W,123
0022400404,2024-12-23,DET @ LAL,1610612765,DET,Detroit Pistons,W,117
0022400391,2024-12-23,CHA vs. HOU,1610612766,CHA,Charlotte Hornets,L,101
0022400397,2024-12-23,TOR @ NYK,1610612761,TOR,Toronto Raptors,L,125
0022400392,2024-12-23,UTA @ CLE,1610612762,UTA,Utah Jazz,L,113
0022400403,2024-12-23,GSW vs. IND,1610612744,GSW,Golden State Warriors,L,105
0022400408,2024-12-25,LAL @ GSW,1610612747,LAL,Los Angeles Lakers,W,115
0022400409,2024-12-25,DEN @ PHX,1610612743,DEN,Denver Nuggets,L,100
0022400406,2024-12-25,MIN @ DAL,1610612750,MIN,Minnesota Timberwolves,W,105
0022400407,2024-12-25,PHI @ BOS,1610612755,PHI,Philadelphia 76ers,W,118
0022400405,2024-12-25,NYK vs. SAS,1610612752,NYK,New York Knicks,W,117
0022400412,2024-12-26,CHA @ WAS,1610612766,CHA,Charlotte Hornets,L,110
0022400415,2024-12-26,MIL vs. BKN,1610612749,MIL,Milwaukee Bucks,L,105
0022400417,2024-12-26,UTA @ POR,1610612762,UTA,Utah Jazz,L,120
0022400414,2024-12-26,MEM vs. TOR,1610612763,MEM,Memphis Grizzlies,W,155
0022400418,2024-12-26,DET @ SAC,1610612765,DET,Detroit Pistons,W,114
0022400413,2024-12-26,CHI @ ATL,1610612741,CHI,Chicago Bulls,L,133
0022400416,2024-12-26,NOP vs. HOU,1610612740,NOP,New Orleans Pelicans,L,111
0022400411,2024-12-26,ORL vs. MIA,1610612753,ORL,Orlando Magic,L,88
0022400410,2024-12-26,OKC @ IND,1610612760,OKC,Oklahoma City Thunder,W,120
0022400423,2024-12-27,MEM @ NOP,1610612763,MEM,Memphis Grizzlies,W,132
0022400424,2024-12-27,CLE @ DEN,1610612739,CLE,Cleveland Cavaliers,W,149
0022400419,2024-12-27,ORL vs. NYK,1610612753,ORL,Orlando Magic,L,85
0022400426,2024-12-27,LAC vs. GSW,1610612746,LAC,LA Clippers,W,102
0022400420,2024-12-27,BOS vs. IND,1610612738,BOS,Boston Celtics,W,142
0022400422,2024-12-27,HOU vs. MIN,1610612745,HOU,Houston Rockets,L,112
0022400425,2024-12-27,PHX vs. DAL,1610612756,PHX,Phoenix Suns,L,89
0022400421,2024-12-27,BKN vs. SAS,1610612751,BKN,Brooklyn Nets,L,87
0022400432,2024-12-28,DEN vs. DET,1610612743,DEN,Denver Nuggets,W,134
0022400427,2024-12-28,ATL vs. MIA,1610612737,ATL,Atlanta Hawks,W,120
0022400430,2024-12-28,CHI vs. MIL,1610612741,CHI,Chicago Bulls,W,116
0022400434,2024-12-28,POR vs. DAL,1610612757,POR,Portland Trail Blazers,W,126
0022400433,2024-12-28,PHI @ UTA,1610612755,PHI,Philadelphia 76ers,W,114
0022400429,2024-12-28,WAS vs. NYK,1610612764,WAS,Washington Wizards,L,132
0022400431,2024-12-28,GSW vs. PHX,1610612744,GSW,Golden State Warriors,W,109
0022400428,2024-12-28,CHA vs. OKC,1610612766,CHA,Charlotte Hornets,L,94
0022400435,2024-12-28,LAL vs. SAC,1610612747,LAL,Los Angeles Lakers,W,132
0022400440,2024-12-29,MEM @ OKC,1610612763,MEM,Memphis Grizzlies,L,106
0022400436,2024-12-29,BKN @ ORL,1610612751,BKN,Brooklyn Nets,L,101
0022400441,2024-12-29,MIN vs. SAS,1610612750,MIN,Minnesota Timberwolves,W,112
0022400437,2024-12-29,IND @ BOS,1610612754,IND,Indiana Pacers,W,123
0022400439,2024-12-29,MIA @ HOU,1610612748,MIA,Miami Heat,W,104
0022400438,2024-12-29,TOR vs. ATL,1610612761,TOR,Toronto Raptors,L,107
0022400442,2024-12-30,CHA vs. CHI,1610612766,CHA,Charlotte Hornets,L,108
0022400444,2024-12-30,LAC @ NOP,1610612746,LAC,LA Clippers,W,116
0022400448,2024-12-30,SAC vs. DAL,1610612758,SAC,Sacramento Kings,W,110
0022400443,2024-12-30,NYK @ WAS,1610612752,NYK,New York Knicks,W,126
0022400447,2024-12-30,PHI @ POR,1610612755,PHI,Philadelphia 76ers,W,125
0022400445,2024-12-30,UTA vs. DEN,1610612762,UTA,Utah Jazz,L,121
0022400446,2024-12-30,CLE @ GSW,1610612739,CLE,Cleveland Cavaliers,W,113
0022400454,2024-12-31,LAL vs. CLE,1610612747,LAL,Los Angeles Lakers,L,110
0022400449,2024-12-31,TOR @ BOS,1610612761,TOR,Toronto Raptors,L,71
0022400452,2024-12-31,MIN @ OKC,1610612750,MIN,Minnesota Timberwolves,L,105
0022400453,2024-12-31,MEM @ PHX,1610612763,MEM,Memphis Grizzlies,W,117
0022400451,2024-12-31,LAC @ SAS,1610612746,LAC,LA Clippers,L,86
0022400450,2024-12-31,MIL @ IND,1610612749,MIL,Milwaukee Bucks,W,120
0022400460,2025-01-01,DAL @ HOU,1610612742,DAL,Dallas Mavericks,L,99
0022400457,2025-01-01,MIA vs. NOP,1610612748,MIA,Miami Heat,W,119
0022400456,2025-01-01,WAS vs. CHI,1610612764,WAS,Washington Wizards,W,125
0022400461,2025-01-01,ATL @ DEN,1610612737,ATL,Atlanta Hawks,L,120
0022400458,2025-01-01,NYK vs. UTA,1610612752,NYK,New York Knicks,W,119
0022400455,2025-01-01,DET vs. ORL,1610612765,DET,Detroit Pistons,W,105
0022400462,2025-01-01,SAC vs. PHI,1610612758,SAC,Sacramento Kings,W,113
0022400459,2025-01-01,TOR vs. BKN,1610612761,TOR,Toronto Raptors,W,130
0022400467,2025-01-02,GSW vs. PHI,1610612744,GSW,Golden State Warriors,W,139
0022400468,2025-01-02,LAL vs. POR,1610612747,LAL,Los Angeles Lakers,W,114
0022400464,2025-01-02,MIN vs. BOS,1610612750,MIN,Minnesota Timberwolves,L,115
0022400463,2025-01-02,MIA vs. IND,1610612748,MIA,Miami Heat,L,115
0022400465,2025-01-02,MIL vs. BKN,1610612749,MIL,Milwaukee Bucks,L,110
0022400466,2025-01-02,LAC @ OKC,1610612746,LAC,LA Clippers,L,98
0022400469,2025-01-03,CHA @ DET,1610612766,CHA,Charlotte Hornets,L,94
0022400476,2025-01-03,SAC vs. MEM,1610612758,SAC,Sacramento Kings,W,138
0022400475,2025-01-03,DEN vs. SAS,1610612743,DEN,Denver Nuggets,L,110
0022400477,2025-01-03,LAL vs. ATL,1610612747,LAL,Los Angeles Lakers,W,119
0022400474,2025-01-03,CLE @ DAL,1610612739,CLE,Cleveland Cavaliers,W,134
0022400471,2025-01-03,BOS @ HOU,1610612738,BOS,Boston Celtics,W,109
0022400472,2025-01-03,WAS @ NOP,1610612764,WAS,Washington Wizards,L,120
0022400473,2025-01-03,OKC vs. NYK,1610612760,OKC,Oklahoma City Thunder,W,117
0022400470,2025-01-03,ORL @ TOR,1610612753,ORL,Orlando Magic,W,106
0022400486,2025-01-04,ATL @ LAC,1610612737,ATL,Atlanta Hawks,L,105
0022400483,2025-01-04,POR @ MIL,1610612757,POR,Portland Trail Blazers,W,105
0022400485,2025-01-04,MEM @ GSW,1610612763,MEM,Memphis Grizzlies,L,113
0022400478,2025-01-04,BKN vs. PHI,1610612751,BKN,Brooklyn Nets,L,94
0022400481,2025-01-04,UTA @ MIA,1610612762,UTA,Utah Jazz,W,136
0022400482,2025-01-04,NYK @ CHI,1610612752,NYK,New York Knicks,L,126
0022400479,2025-01-04,MIN @ DET,1610612750,MIN,Minnesota Timberwolves,L,105
0022400484,2025-01-04,SAS vs. DEN,1610612759,SAS,San Antonio Spurs,L,111
0022400480,2025-01-04,PHX @ IND,1610612756,PHX,Phoenix Suns,L,108
0022400489,2025-01-05,WAS vs. NOP,1610612764,WAS,Washington Wizards,L,98
0022400491,2025-01-05,HOU vs. LAL,1610612745,HOU,Houston Rockets,W,119
0022400490,2025-01-05,UTA @ ORL,1610612762,UTA,Utah Jazz,W,105
0022400487,2025-01-05,BOS @ OKC,1610612738,BOS,Boston Celtics,L,92
0022400488,2025-01-05,CLE vs. CHA,1610612739,CLE,Cleveland Cavaliers,W,115
0022400492,2025-01-05,SAC @ GSW,1610612758,SAC,Sacramento Kings,W,129
0022400496,2025-01-06,NYK vs. ORL,1610612752,NYK,New York Knicks,L,94
0022400501,2025-01-06,SAC vs. MIA,1610612758,SAC,Sacramento Kings,W,123
0022400494,2025-01-06,PHI vs. PHX,1610612755,PHI,Philadelphia 76ers,L,99
0022400493,2025-01-06,DET vs. POR,1610612765,DET,Detroit Pistons,W,118
0022400497,2025-01-06,TOR vs. MIL,1610612761,TOR,Toronto Raptors,L,104
0022400498,2025-01-06,CHI vs. SAS,1610612741,CHI,Chicago Bulls,W,114
0022400499,2025-01-06,MEM vs. DAL,1610612763,MEM,Memphis Grizzlies,W,119
0022400495,2025-01-06,BKN vs. IND,1610612751,BKN,Brooklyn Nets,L,99
0022400500,2025-01-06,LAC @ MIN,1610612746,LAC,LA Clippers,L,106
0022400507,2025-01-07,BOS @ DEN,1610612738,BOS,Boston Celtics,W,118
0022400505,2025-01-07,MIN @ NOP,1610612750,MIN,Minnesota Timberwolves,W,104
0022400508,2025-01-07,MIA @ GSW,1610612748,MIA,Miami Heat,W,114
0022400502,2025-01-07,PHX @ CHA,1610612756,PHX,Phoenix Suns,L,104
0022400504,2025-01-07,DAL vs. LAL,1610612742,DAL,Dallas Mavericks,W,118
0022400503,2025-01-07,HOU @ WAS,1610612745,HOU,Houston Rockets,W,135
0022400506,2025-01-07,UTA vs. ATL,1610612762,UTA,Utah Jazz,L,121
0022400511,2025-01-08,NYK vs. TOR,1610612752,NYK,New York Knicks,W,112
0022400515,2025-01-08,DEN vs. LAC,1610612743,DEN,Denver Nuggets,W,126
0022400510,2025-01-08,IND vs. CHI,1610612754,IND,Indiana Pacers,W,129
0022400512,2025-01-08,PHI vs. WAS,1610612755,PHI,Philadelphia 76ers,W,109
0022400514,2025-01-08,POR @ NOP,1610612757,POR,Portland Trail Blazers,W,119
0022400516,2025-01-08,MIL vs. SAS,1610612749,MIL,Milwaukee Bucks,W,121
0022400513,2025-01-08,BKN vs. DET,1610612751,BKN,Brooklyn Nets,L,98
0022400509,2025-01-08,OKC @ CLE,1610612760,OKC,Oklahoma City Thunder,L,122
0022400518,2025-01-09,DET vs. GSW,1610612765,DET,Detroit Pistons,L,104
0022400517,2025-01-09,TOR @ CLE,1610612761,TOR,Toronto Raptors,L,126
0022400522,2025-01-09,PHX vs. ATL,1610612756,PHX,Phoenix Suns,W,123
0022400523,2025-01-09,UTA vs. MIA,1610612762,UTA,Utah Jazz,L,92
0022400520,2025-01-09,HOU @ MEM,1610612745,HOU,Houston Rockets,W,119
0022400519,2025-01-09,ORL vs. MIN,1610612753,ORL,Orlando Magic,L,89
0022400521,2025-01-09,DAL vs. POR,1610612742,DAL,Dallas Mavericks,W,117
0022400525,2025-01-10,GSW @ IND,1610612744,GSW,Golden State Warriors,L,96
0022400529,2025-01-10,OKC @ NYK,1610612760,OKC,Oklahoma City Thunder,W,126
0022400527,2025-01-10,NOP @ PHI,1610612740,NOP,New Orleans Pelicans,W,123
0022400531,2025-01-10,DEN vs. BKN,1610612743,DEN,Denver Nuggets,W,124
0022400530,2025-01-10,CHI vs. WAS,1610612741,CHI,Chicago Bulls,W,138
0022400526,2025-01-10,MIL @ ORL,1610612749,MIL,Milwaukee Bucks,W,109
0022400528,2025-01-10,SAC @ BOS,1610612758,SAC,Sacramento Kings,W,114
0022400536,2025-01-11,POR vs. MIA,1610612757,POR,Portland Trail Blazers,L,98
0022400533,2025-01-11,PHX vs. UTA,1610612756,PHX,Phoenix Suns,W,114
0022400535,2025-01-11,MEM @ MIN,1610612763,MEM,Memphis Grizzlies,W,127
0022400534,2025-01-11,TOR @ DET,1610612761,TOR,Toronto Raptors,L,114
0022400541,2025-01-12,CHI vs. SAC,1610612741,CHI,Chicago Bulls,L,119
0022400539,2025-01-12,MIL @ NYK,1610612749,MIL,Milwaukee Bucks,L,106
0022400546,2025-01-12,BKN @ UTA,1610612751,BKN,Brooklyn Nets,L,111
0022400545,2025-01-12,WAS vs. OKC,1610612764,WAS,Washington Wizards,L,95
0022400540,2025-01-12,DAL vs. DEN,1610612742,DAL,Dallas Mavericks,L,101
0022400547,2025-01-12,PHX vs. CHA,1610612756,PHX,Phoenix Suns,W,120
0022400543,2025-01-12,IND @ CLE,1610612754,IND,Indiana Pacers,W,108
0022400542,2025-01-12,BOS vs. NOP,1610612738,BOS,Boston Celtics,W,120
0022400544,2025-01-12,ORL vs. PHI,1610612753,ORL,Orlando Magic,W,104
0022400553,2025-01-13,LAC vs. MIA,1610612746,LAC,LA Clippers,W,109
0022400551,2025-01-13,HOU vs. MEM,1610612745,HOU,Houston Rockets,W,120
0022400550,2025-01-13,TOR vs. GSW,1610612761,TOR,Toronto Raptors,W,104
0022400549,2025-01-13,NYK vs. DET,1610612752,NYK,New York Knicks,L,119
0022400552,2025-01-13,LAL vs. SAS,1610612747,LAL,Los Angeles Lakers,L,102
0022400548,2025-01-13,WAS vs. MIN,1610612764,WAS,Washington Wizards,L,106
0022400555,2025-01-14,PHI vs. OKC,1610612755,PHI,Philadelphia 76ers,L,102
0022400556,2025-01-14,PHX @ ATL,1610612756,PHX,Phoenix Suns,L,117
0022400558,2025-01-14,MIL vs. SAC,1610612749,MIL,Milwaukee Bucks,W,130
0022400560,2025-01-14,BKN @ POR,1610612751,BKN,Brooklyn Nets,W,132
0022400557,2025-01-14,CHI vs. NOP,1610612741,CHI,Chicago Bulls,L,113
0022400554,2025-01-14,CLE @ IND,1610612739,CLE,Cleveland Cavaliers,W,127
0022400559,2025-01-14,DAL vs. DEN,1610612742,DAL,Dallas Mavericks,L,99
0022400567,2025-01-15,MEM @ SAS,1610612763,MEM,Memphis Grizzlies,W,129
0022400569,2025-01-15,CHA @ UTA,1610612766,CHA,Charlotte Hornets,W,117
0022400566,2025-01-15,DAL @ NOP,1610612742,DAL,Dallas Mavericks,L,116
0022400562,2025-01-15,TOR vs. BOS,1610612761,TOR,Toronto Raptors,W,110
0022400568,2025-01-15,HOU @ DEN,1610612745,HOU,Houston Rockets,W,128
0022400570,2025-01-15,LAL vs. MIA,1610612747,LAL,Los Angeles Lakers,W,117
0022400565,2025-01-15,MIN vs. GSW,1610612750,MIN,Minnesota Timberwolves,L,115
0022400571,2025-01-15,BKN @ LAC,1610612751,BKN,Brooklyn Nets,L,67
0022400563,2025-01-15,ATL @ CHI,1610612737,ATL,Atlanta Hawks,W,110
0022400564,2025-01-15,ORL @ MIL,1610612753,ORL,Orlando Magic,L,93
0022400561,2025-01-15,PHI vs. NYK,1610612755,PHI,Philadelphia 76ers,L,119
0022400574,2025-01-16,CLE @ OKC,1610612739,CLE,Cleveland Cavaliers,L,114
0022400572,2025-01-16,IND @ DET,1610612754,IND,Indiana Pacers,W,111
0022400573,2025-01-16,WAS vs. PHX,1610612764,WAS,Washington Wizards,L,123
0022400576,2025-01-16,HOU @ SAC,1610612745,HOU,Houston Rockets,L,127
0022400575,2025-01-16,LAC @ POR,1610612746,LAC,LA Clippers,W,118
0022400585,2025-01-17,LAL vs. BKN,1610612747,LAL,Los Angeles Lakers,W,102
0022400579,2025-01-17,MIA vs. DEN,1610612748,MIA,Miami Heat,L,113
0022400580,2025-01-17,TOR @ MIL,1610612761,TOR,Toronto Raptors,L,112
0022400577,2025-01-17,BOS vs. ORL,1610612738,BOS,Boston Celtics,W,121
0022400578,2025-01-17,MIN @ NYK,1610612750,MIN,Minnesota Timberwolves,W,116
0022400584,2025-01-17,CHI vs. CHA,1610612741,CHI,Chicago Bulls,L,123
0022400583,2025-01-17,DAL vs. OKC,1610612742,DAL,Dallas Mavericks,W,106
0022400581,2025-01-17,NOP vs. UTA,1610612740,NOP,New Orleans Pelicans,W,136
0022400582,2025-01-17,SAS vs. MEM,1610612759,SAS,San Antonio Spurs,L,112
0022400591,2025-01-18,HOU @ POR,1610612745,HOU,Houston Rockets,W,125
0022400588,2025-01-18,IND vs. PHI,1610612754,IND,Indiana Pacers,W,115
0022400590,2025-01-18,MIN vs. CLE,1610612750,MIN,Minnesota Timberwolves,L,117
0022400587,2025-01-18,ATL @ BOS,1610612737,ATL,Atlanta Hawks,W,119
0022400589,2025-01-18,WAS @ GSW,1610612764,WAS,Washington Wizards,L,114
0022400586,2025-01-18,DET vs. PHX,1610612765,DET,Detroit Pistons,L,121
0022400592,2025-01-19,SAS @ MIA,1610612759,SAS,San Antonio Spurs,L,107
0022400597,2025-01-19,CHI @ POR,1610612741,CHI,Chicago Bulls,L,102
0022400598,2025-01-19,SAC vs. WAS,1610612758,SAC,Sacramento Kings,W,123
0022400595,2025-01-19,BKN @ OKC,1610612751,BKN,Brooklyn Nets,L,101
0022400596,2025-01-19,LAC vs. LAL,1610612746,LAC,LA Clippers,W,116
0022400593,2025-01-19,ORL vs. DEN,1610612753,ORL,Orlando Magic,L,100
0022400594,2025-01-19,PHI @ MIL,1610612755,PHI,Philadelphia 76ers,L,109
0022400600,2025-01-20,DET @ HOU,1610612765,DET,Detroit Pistons,W,107
0022400602,2025-01-20,NYK vs. ATL,1610612752,NYK,New York Knicks,W,119
0022400599,2025-01-20,DAL @ CHA,1610612742,DAL,Dallas Mavericks,L,105
0022400603,2025-01-20,CLE vs. PHX,1610612739,CLE,Cleveland Cavaliers,W,118
0022400611,2025-01-20,LAC vs. CHI,1610612746,LAC,LA Clippers,L,99
0022400605,2025-01-20,NOP vs. UTA,1610612740,NOP,New Orleans Pelicans,W,123
0022400604,2025-01-20,BOS @ GSW,1610612738,BOS,Boston Celtics,W,125
0022400601,2025-01-20,MIN @ MEM,1610612750,MIN,Minnesota Timberwolves,L,106
0022400610,2025-01-21,WAS @ LAL,1610612764,WAS,Washington Wizards,L,88
0022400606,2025-01-21,NYK @ BKN,1610612752,NYK,New York Knicks,W,99
0022400608,2025-01-21,TOR vs. ORL,1610612761,TOR,Toronto Raptors,W,109
0022400607,2025-01-21,POR @ MIA,1610612757,POR,Portland Trail Blazers,W,116
0022400609,2025-01-21,DEN vs. PHI,1610612743,DEN,Denver Nuggets,W,144
0022400618,2025-01-22,OKC vs. UTA,1610612760,OKC,Oklahoma City Thunder,W,123
0022400612,2025-01-22,ATL vs. DET,1610612737,ATL,Atlanta Hawks,L,104
0022400613,2025-01-22,PHX @ BKN,1610612756,PHX,Phoenix Suns,W,108
0022400616,2025-01-22,CHA @ MEM,1610612766,CHA,Charlotte Hornets,L,120
0022400619,2025-01-22,SAC vs. GSW,1610612758,SAC,Sacramento Kings,W,123
0022400614,2025-01-22,MIN @ DAL,1610612750,MIN,Minnesota Timberwolves,W,115
0022400620,2025-01-22,LAC vs. BOS,1610612746,LAC,LA Clippers,L,113
0022400615,2025-01-22,HOU vs. CLE,1610612745,HOU,Houston Rockets,W,109
0022400628,2025-01-23,GSW vs. CHI,1610612744,GSW,Golden State Warriors,W,131
0022400983,2025-01-23,LAC vs. WAS,1610612746,LAC,LA Clippers,W,110
0022400629,2025-01-23,LAL vs. BOS,1610612747,LAL,Los Angeles Lakers,W,117
0022400625,2025-01-23,OKC vs. DAL,1610612760,OKC,Oklahoma City Thunder,L,115
0022400624,2025-01-23,MIL vs. MIA,1610612749,MIL,Milwaukee Bucks,W,125
0022400622,2025-01-23,ORL vs. POR,1610612753,ORL,Orlando Magic,L,79
0022400623,2025-01-23,ATL vs. TOR,1610612737,ATL,Atlanta Hawks,L,119
0022400621,2025-01-23,SAS @ IND,1610612754,IND,Indiana Pacers,L,110
0022400626,2025-01-23,DEN vs. SAC,1610612743,DEN,Denver Nuggets,W,132
0022400630,2025-01-24,POR @ CHA,1610612757,POR,Portland Trail Blazers,W,102
0022400632,2025-01-24,MEM vs. NOP,1610612763,MEM,Memphis Grizzlies,W,139
0022400631,2025-01-24,CLE @ PHI,1610612739,CLE,Cleveland Cavaliers,L,129
0022400645,2025-01-25,WAS @ PHX,1610612764,WAS,Washington Wizards,L,109
0022400636,2025-01-25,BKN vs. MIA,1610612751,BKN,Brooklyn Nets,L,97
0022400634,2025-01-25,MIN vs. DEN,1610612750,MIN,Minnesota Timberwolves,W,133
0022400635,2025-01-25,BOS @ DAL,1610612738,BOS,Boston Celtics,W,122
0022400642,2025-01-25,PHI @ CHI,1610612755,PHI,Philadelphia 76ers,W,109
0022400643,2025-01-25,UTA @ MEM,1610612762,UTA,Utah Jazz,L,103
0022400633,2025-01-25,IND @ SAS,1610612754,IND,Indiana Pacers,W,136
0022400644,2025-01-25,GSW vs. LAL,1610612744,GSW,Golden State Warriors,L,108
0022400640,2025-01-25,HOU @ CLE,1610612745,HOU,Houston Rockets,W,135
0022400639,2025-01-25,ATL vs. TOR,1610612737,ATL,Atlanta Hawks,L,94
0022400637,2025-01-25,NOP @ CHA,1610612740,NOP,New Orleans Pelicans,L,92
0022400641,2025-01-25,SAC @ NYK,1610612758,SAC,Sacramento Kings,L,120
0022400646,2025-01-25,MIL @ LAC,1610612749,MIL,Milwaukee Bucks,L,117
0022400638,2025-01-25,ORL vs. DET,1610612753,ORL,Orlando Magic,W,121
0022400647,2025-01-26,POR vs. OKC,1610612757,POR,Portland Trail Blazers,L,108
0022400653,2025-01-27,NYK vs. MEM,1610612752,NYK,New York Knicks,W,143
0022400650,2025-01-27,HOU @ BOS,1610612745,HOU,Houston Rockets,W,114
0022400658,2025-01-27,MIL @ UTA,1610612749,MIL,Milwaukee Bucks,W,125
0022400648,2025-01-27,LAL @ CHA,1610612747,LAL,Los Angeles Lakers,W,112
0022400655,2025-01-27,CHI vs. DEN,1610612741,CHI,Chicago Bulls,W,129
0022400659,2025-01-27,LAC @ PHX,1610612746,LAC,LA Clippers,L,109
0022400654,2025-01-27,NOP @ TOR,1610612740,NOP,New Orleans Pelicans,L,104
0022400652,2025-01-27,ORL @ MIA,1610612753,ORL,Orlando Magic,L,119
0022400656,2025-01-27,ATL @ MIN,1610612737,ATL,Atlanta Hawks,L,92
0022400657,2025-01-27,DAL vs. WAS,1610612742,DAL,Dallas Mavericks,W,130
0022400651,2025-01-27,BKN vs. SAC,1610612751,BKN,Brooklyn Nets,L,96
0022400649,2025-01-27,CLE vs. DET,1610612739,CLE,Cleveland Cavaliers,W,110
0022400660,2025-01-28,PHI vs. LAL,1610612755,PHI,Philadelphia 76ers,W,118
0022400532,2025-01-28,HOU @ ATL,1610612745,HOU,Houston Rockets,W,100
0022400661,2025-01-28,GSW vs. UTA,1610612744,GSW,Golden State Warriors,W,114
0022400662,2025-01-28,MIL @ POR,1610612749,MIL,Milwaukee Bucks,L,112
0022400673,2025-01-29,OKC @ GSW,1610612760,OKC,Oklahoma City Thunder,L,109
0022400670,2025-01-29,DAL @ NOP,1610612742,DAL,Dallas Mavericks,W,137
0022400667,2025-01-29,CLE @ MIA,1610612739,CLE,Cleveland Cavaliers,W,126
0022400664,2025-01-29,IND vs. DET,1610612754,IND,Indiana Pacers,W,133
0022400672,2025-01-29,MIN @ PHX,1610612750,MIN,Minnesota Timberwolves,W,121
0022400663,2025-01-29,BKN @ CHA,1610612751,BKN,Brooklyn Nets,W,104
0022400671,2025-01-29,LAC @ SAS,1610612746,LAC,LA Clippers,W,128
0022400665,2025-01-29,WAS vs. TOR,1610612764,WAS,Washington Wizards,L,82
0022400669,2025-01-29,PHI vs. SAC,1610612755,PHI,Philadelphia 76ers,W,117
0022400668,2025-01-29,DEN @ NYK,1610612743,DEN,Denver Nuggets,L,112
0022400666,2025-01-29,BOS vs. CHI,1610612738,BOS,Boston Celtics,W,122
0022400674,2025-01-30,WAS vs. LAL,1610612764,WAS,Washington Wizards,L,96
0022400675,2025-01-30,CLE vs. ATL,1610612739,CLE,Cleveland Cavaliers,W,137
0022400676,2025-01-30,HOU @ MEM,1610612745,HOU,Houston Rockets,L,119
0022400677,2025-01-30,UTA vs. MIN,1610612762,UTA,Utah Jazz,L,113
0022400678,2025-01-30,ORL @ POR,1610612753,ORL,Orlando Magic,L,90
0022400679,2025-01-31,CHA vs. LAC,1610612766,CHA,Charlotte Hornets,L,104
0022400685,2025-01-31,GSW vs. PHX,1610612744,GSW,Golden State Warriors,L,105
0022400681,2025-01-31,PHI vs. DEN,1610612755,PHI,Philadelphia 76ers,L,134
0022400682,2025-01-31,CHI @ TOR,1610612741,CHI,Chicago Bulls,W,122
0022400680,2025-01-31,DAL @ DET,1610612742,DAL,Dallas Mavericks,L,102
0022400684,2025-01-31,SAS vs. MIL,1610612759,SAS,San Antonio Spurs,W,144
0022400683,2025-01-31,BOS @ NOP,1610612738,BOS,Boston Celtics,W,118
0022400688,2025-02-01,DEN @ CHA,1610612743,DEN,Denver Nuggets,W,107
0022400694,2025-02-01,PHX @ POR,1610612756,PHX,Phoenix Suns,L,108
0022400686,2025-02-01,IND vs. ATL,1610612754,IND,Indiana Pacers,W,132
0022400693,2025-02-01,MIA @ SAS,1610612748,MIA,Miami Heat,W,105
0022400687,2025-02-01,UTA vs. ORL,1610612762,UTA,Utah Jazz,W,113
0022400689,2025-02-01,BKN @ HOU,1610612751,BKN,Brooklyn Nets,W,110
0022400692,2025-02-01,LAL @ NYK,1610612747,LAL,Los Angeles Lakers,W,128
0022400691,2025-02-01,OKC vs. SAC,1610612760,OKC,Oklahoma City Thunder,W,144
0022400690,2025-02-01,MIN vs. WAS,1610612750,MIN,Minnesota Timberwolves,L,103
0022400695,2025-02-02,CHI @ DET,1610612741,CHI,Chicago Bulls,L,119
0022400698,2025-02-02,PHI vs. BOS,1610612755,PHI,Philadelphia 76ers,L,110
0022400696,2025-02-02,DAL @ CLE,1610612742,DAL,Dallas Mavericks,L,101
0022400699,2025-02-02,MIL vs. MEM,1610612749,MIL,Milwaukee Bucks,L,119
0022400697,2025-02-02,TOR vs. LAC,1610612761,TOR,Toronto Raptors,W,115
0022400709,2025-02-03,PHX @ POR,1610612756,PHX,Phoenix Suns,L,119
0022400704,2025-02-03,SAC @ MIN,1610612758,SAC,Sacramento Kings,W,116
0022400708,2025-02-03,GSW vs. ORL,1610612744,GSW,Golden State Warriors,W,104
0022400707,2025-02-03,UTA vs. IND,1610612762,UTA,Utah Jazz,L,111
0022400701,2025-02-03,ATL @ DET,1610612737,ATL,Atlanta Hawks,W,132
0022400702,2025-02-03,HOU @ NYK,1610612745,HOU,Houston Rockets,L,118
0022400703,2025-02-03,MEM vs. SAS,1610612763,MEM,Memphis Grizzlies,W,128
0022400706,2025-02-03,DEN vs. NOP,1610612743,DEN,Denver Nuggets,W,125
0022400705,2025-02-03,MIL @ OKC,1610612749,MIL,Milwaukee Bucks,L,96
0022400700,2025-02-03,CHA vs. WAS,1610612766,CHA,Charlotte Hornets,L,114
0022400716,2025-02-04,POR vs. IND,1610612757,POR,Portland Trail Blazers,W,112
0022400715,2025-02-04,LAL @ LAC,1610612747,LAL,Los Angeles Lakers,W,122
0022400714,2025-02-04,CHI vs. MIA,1610612741,CHI,Chicago Bulls,W,133
0022400712,2025-02-04,DAL @ PHI,1610612742,DAL,Dallas Mavericks,L,116
0022400713,2025-02-04,TOR vs. NYK,1610612761,TOR,Toronto Raptors,L,115
0022400710,2025-02-04,CLE vs. BOS,1610612739,CLE,Cleveland Cavaliers,L,105
0022400711,2025-02-04,BKN vs. HOU,1610612751,BKN,Brooklyn Nets,W,99
0022400723,2025-02-05,CHI @ MIN,1610612741,CHI,Chicago Bulls,L,108
0022400719,2025-02-05,SAS @ ATL,1610612759,SAS,San Antonio Spurs,W,126
0022400726,2025-02-05,NOP @ DEN,1610612740,NOP,New Orleans Pelicans,L,119
0022400720,2025-02-05,WAS @ BKN,1610612764,WAS,Washington Wizards,W,119
0022400722,2025-02-05,MEM @ TOR,1610612763,MEM,Memphis Grizzlies,W,138
0022400724,2025-02-05,PHX @ OKC,1610612756,PHX,Phoenix Suns,L,109
0022400717,2025-02-05,CHA vs. MIL,1610612766,CHA,Charlotte Hornets,L,102
0022400721,2025-02-05,MIA @ PHI,1610612748,MIA,Miami Heat,W,108
0022400727,2025-02-05,SAC vs. ORL,1610612758,SAC,Sacramento Kings,L,111
0022400718,2025-02-05,DET vs. CLE,1610612765,DET,Detroit Pistons,L,115
0022400725,2025-02-05,UTA vs. GSW,1610612762,UTA,Utah Jazz,W,131
0022400729,2025-02-06,MIN vs. HOU,1610612750,MIN,Minnesota Timberwolves,W,127
0022400728,2025-02-06,BOS vs. DAL,1610612738,BOS,Boston Celtics,L,120
0022400730,2025-02-06,ORL @ DEN,1610612753,ORL,Orlando Magic,L,90
0022400731,2025-02-06,LAL vs. GSW,1610612747,LAL,Los Angeles Lakers,W,120
0022400732,2025-02-06,POR vs. SAC,1610612757,POR,Portland Trail Blazers,W,108
0022400733,2025-02-06,LAC vs. IND,1610612746,LAC,LA Clippers,L,112
0022400740,2025-02-07,PHX vs. UTA,1610612756,PHX,Phoenix Suns,W,135
0022400739,2025-02-07,TOR @ OKC,1610612761,TOR,Toronto Raptors,L,109
0022400737,2025-02-07,BKN vs. MIA,1610612751,BKN,Brooklyn Nets,W,102
0022400736,2025-02-07,ATL vs. MIL,1610612737,ATL,Atlanta Hawks,W,115
0022400734,2025-02-07,SAS @ CHA,1610612759,SAS,San Antonio Spurs,L,116
0022400735,2025-02-07,CLE @ WAS,1610612739,CLE,Cleveland Cavaliers,W,134
0022400738,2025-02-07,DET vs. PHI,1610612765,DET,Detroit Pistons,W,125
0022400751,2025-02-08,LAC vs. UTA,1610612746,LAC,LA Clippers,W,130
0022400747,2025-02-08,POR @ MIN,1610612757,POR,Portland Trail Blazers,L,98
0022400742,2025-02-08,IND @ LAL,1610612754,IND,Indiana Pacers,L,117
0022400748,2025-02-08,NYK vs. BOS,1610612752,NYK,New York Knicks,L,104
0022400743,2025-02-08,ORL vs. SAS,1610612753,ORL,Orlando Magic,W,112
0022400745,2025-02-08,GSW @ CHI,1610612744,GSW,Golden State Warriors,W,132
0022400741,2025-02-08,DAL vs. HOU,1610612742,DAL,Dallas Mavericks,W,116
0022400744,2025-02-08,ATL @ WAS,1610612737,ATL,Atlanta Hawks,W,125
0022400746,2025-02-08,MEM vs. OKC,1610612763,MEM,Memphis Grizzlies,L,112
0022400750,2025-02-08,SAC vs. NOP,1610612758,SAC,Sacramento Kings,W,123
0022400749,2025-02-08,PHX vs. DEN,1610612756,PHX,Phoenix Suns,L,105
0022400752,2025-02-09,CHA @ DET,1610612766,CHA,Charlotte Hornets,L,102
0022400754,2025-02-09,PHI @ MIL,1610612755,PHI,Philadelphia 76ers,L,127
0022400753,2025-02-09,TOR @ HOU,1610612761,TOR,Toronto Raptors,L,87
0022400763,2025-02-10,POR @ DEN,1610612757,POR,Portland Trail Blazers,L,117
0022400768,2025-02-10,LAL vs. UTA,1610612747,LAL,Los Angeles Lakers,W,132
0022400760,2025-02-10,GSW @ MIL,1610612744,GSW,Golden State Warriors,W,125
0022400757,2025-02-10,SAS @ WAS,1610612759,SAS,San Antonio Spurs,W,131
0022400755,2025-02-10,MIN @ CLE,1610612750,MIN,Minnesota Timberwolves,L,107
0022400761,2025-02-10,OKC vs. NOP,1610612760,OKC,Oklahoma City Thunder,W,137
0022400756,2025-02-10,ORL vs. ATL,1610612753,ORL,Orlando Magic,L,106
0022400758,2025-02-10,BKN vs. CHA,1610612751,BKN,Brooklyn Nets,W,97
0022400762,2025-02-10,DAL vs. SAC,1610612742,DAL,Dallas Mavericks,L,128
0022400759,2025-02-10,BOS @ MIA,1610612738,BOS,Boston Celtics,W,103
0022400766,2025-02-11,CHI vs. DET,1610612741,CHI,Chicago Bulls,L,92
0022400764,2025-02-11,PHI vs. TOR,1610612755,PHI,Philadelphia 76ers,L,103
0022400767,2025-02-11,MEM @ PHX,1610612763,MEM,Memphis Grizzlies,W,119
0022400765,2025-02-11,IND vs. NYK,1610612754,IND,Indiana Pacers,L,115
0022400771,2025-02-12,IND @ WAS,1610612754,IND,Indiana Pacers,W,134
0022400778,2025-02-12,OKC vs. MIA,1610612760,OKC,Oklahoma City Thunder,W,115
0022400775,2025-02-12,DET @ CHI,1610612765,DET,Detroit Pistons,W,128
0022400782,2025-02-12,DAL vs. GSW,1610612742,DAL,Dallas Mavericks,W,111
0022400772,2025-02-12,BKN vs. PHI,1610612751,BKN,Brooklyn Nets,W,100
0022400773,2025-02-12,ATL @ NYK,1610612737,ATL,Atlanta Hawks,L,148
0022400770,2025-02-12,CHA @ ORL,1610612766,CHA,Charlotte Hornets,L,86
0022400777,2025-02-12,SAC @ NOP,1610612758,SAC,Sacramento Kings,W,119
0022400779,2025-02-12,HOU vs. PHX,1610612745,HOU,Houston Rockets,W,119
0022400781,2025-02-12,UTA vs. LAL,1610612762,UTA,Utah Jazz,W,131
0022400769,2025-02-12,SAS @ BOS,1610612759,SAS,San Antonio Spurs,L,103
0022400774,2025-02-12,CLE @ TOR,1610612739,CLE,Cleveland Cavaliers,W,131
0022400776,2025-02-12,MIL @ MIN,1610612749,MIL,Milwaukee Bucks,W,103
0022400780,2025-02-12,POR @ DEN,1610612757,POR,Portland Trail Blazers,L,121
0022400783,2025-02-12,LAC vs. MEM,1610612746,LAC,LA Clippers,W,128
0022400785,2025-02-13,NOP vs. SAC,1610612740,NOP,New Orleans Pelicans,W,140
0022400787,2025-02-13,MIN vs. OKC,1610612750,MIN,Minnesota Timberwolves,W,116
0022401004,2025-02-13,UTA vs. LAC,1610612762,UTA,Utah Jazz,L,116
0022400784,2025-02-13,GSW @ HOU,1610612744,GSW,Golden State Warriors,W,105
0022400786,2025-02-13,MIA @ DAL,1610612748,MIA,Miami Heat,L,113
0022400524,2025-02-19,CHA @ LAL,1610612766,CHA,Charlotte Hornets,W,100
0022400788,2025-02-20,MEM @ IND,1610612763,MEM,Memphis Grizzlies,L,113
0022400790,2025-02-20,ATL vs. ORL,1610612737,ATL,Atlanta Hawks,L,108
0022400789,2025-02-20,PHI vs. BOS,1610612755,PHI,Philadelphia 76ers,L,104
0022400795,2025-02-20,SAS vs. PHX,1610612759,SAS,San Antonio Spurs,W,120
0022400794,2025-02-20,DEN vs. CHA,1610612743,DEN,Denver Nuggets,W,129
0022400792,2025-02-20,CHI @ NYK,1610612741,CHI,Chicago Bulls,L,111
0022400796,2025-02-20,LAL @ POR,1610612747,LAL,Los Angeles Lakers,W,110
0022400793,2025-02-20,LAC @ MIL,1610612746,LAC,LA Clippers,L,110
0022400791,2025-02-20,BKN vs. CLE,1610612751,BKN,Brooklyn Nets,L,97
0022400801,2025-02-21,HOU vs. MIN,1610612745,HOU,Houston Rockets,W,121
0022400799,2025-02-21,WAS vs. MIL,1610612764,WAS,Washington Wizards,L,101
0022400800,2025-02-21,MIA @ TOR,1610612748,MIA,Miami Heat,W,120
0022400797,2025-02-21,CLE vs. NYK,1610612739,CLE,Cleveland Cavaliers,W,142
0022400805,2025-02-21,SAC vs. GSW,1610612758,SAC,Sacramento Kings,L,108
0022400802,2025-02-21,SAS vs. DET,1610612759,SAS,San Antonio Spurs,L,110
0022400803,2025-02-21,DAL vs. NOP,1610612742,DAL,Dallas Mavericks,W,111
0022400804,2025-02-21,OKC @ UTA,1610612760,OKC,Oklahoma City Thunder,W,130
0022400798,2025-02-21,MEM @ ORL,1610612763,MEM,Memphis Grizzlies,W,105
0022400807,2025-02-22,PHI vs. BKN,1610612755,PHI,Philadelphia 76ers,L,103
0022400810,2025-02-22,POR vs. CHA,1610612757,POR,Portland Trail Blazers,W,141
0022400808,2025-02-22,DEN vs. LAL,1610612743,DEN,Denver Nuggets,L,100
0022400809,2025-02-22,UTA vs. HOU,1610612762,UTA,Utah Jazz,W,124
0022400806,2025-02-22,PHX @ CHI,1610612756,PHX,Phoenix Suns,W,121
0022400814,2025-02-23,DET @ ATL,1610612765,DET,Detroit Pistons,W,148
0022400817,2025-02-23,MIA @ MIL,1610612748,MIA,Miami Heat,L,113
0022400818,2025-02-23,SAS @ NOP,1610612759,SAS,San Antonio Spurs,L,96
0022400816,2025-02-23,PHX @ TOR,1610612756,PHX,Phoenix Suns,L,109
0022400820,2025-02-23,OKC @ MIN,1610612760,OKC,Oklahoma City Thunder,W,130
0022400819,2025-02-23,MEM @ CLE,1610612763,MEM,Memphis Grizzlies,L,123
0022400811,2025-02-23,NYK @ BOS,1610612752,NYK,New York Knicks,L,105
0022400815,2025-02-23,WAS @ ORL,1610612764,WAS,Washington Wizards,L,90
0022400812,2025-02-23,GSW vs. DAL,1610612744,GSW,Golden State Warriors,W,126
0022400813,2025-02-23,IND vs. LAC,1610612754,IND,Indiana Pacers,W,129
0022400824,2025-02-24,BKN @ WAS,1610612751,BKN,Brooklyn Nets,L,99
0022400828,2025-02-24,SAC vs. CHA,1610612758,SAC,Sacramento Kings,W,130
0022400823,2025-02-24,PHI vs. CHI,1610612755,PHI,Philadelphia 76ers,L,110
0022400827,2025-02-24,UTA vs. POR,1610612762,UTA,Utah Jazz,L,112
0022400822,2025-02-24,DEN @ IND,1610612743,DEN,Denver Nuggets,W,125
0022400825,2025-02-24,MIA @ ATL,1610612748,MIA,Miami Heat,L,86
0022400826,2025-02-24,OKC vs. MIN,1610612760,OKC,Oklahoma City Thunder,L,128
0022400821,2025-02-24,DET vs. LAC,1610612765,DET,Detroit Pistons,W,106
0022400832,2025-02-25,MEM vs. PHX,1610612763,MEM,Memphis Grizzlies,W,151
0022400829,2025-02-25,BOS @ TOR,1610612738,BOS,Boston Celtics,W,111
0022400830,2025-02-25,CLE @ ORL,1610612739,CLE,Cleveland Cavaliers,W,122
0022400835,2025-02-25,LAL vs. DAL,1610612747,LAL,Los Angeles Lakers,W,107
0022400833,2025-02-25,NOP vs. SAS,1610612740,NOP,New Orleans Pelicans,W,109
0022400831,2025-02-25,MIL @ HOU,1610612749,MIL,Milwaukee Bucks,L,97
0022400834,2025-02-25,CHA @ GSW,1610612766,CHA,Charlotte Hornets,L,92
0022400837,2025-02-26,TOR @ IND,1610612761,TOR,Toronto Raptors,L,91
0022400838,2025-02-26,NYK vs. PHI,1610612752,NYK,New York Knicks,W,110
0022400836,2025-02-26,DET vs. BOS,1610612765,DET,Detroit Pistons,W,117
0022400840,2025-02-26,BKN vs. OKC,1610612751,BKN,Brooklyn Nets,L,121
0022400842,2025-02-26,LAC @ CHI,1610612746,LAC,LA Clippers,W,122
0022400843,2025-02-26,SAC @ UTA,1610612758,SAC,Sacramento Kings,W,118
0022400844,2025-02-26,HOU vs. SAS,1610612745,HOU,Houston Rockets,W,118
0022400839,2025-02-26,WAS vs. POR,1610612764,WAS,Washington Wizards,L,121
0022400841,2025-02-26,ATL @ MIA,1610612737,ATL,Atlanta Hawks,L,109
0022400849,2025-02-27,MIN @ LAL,1610612750,MIN,Minnesota Timberwolves,L,102
0022400846,2025-02-27,MIL vs. DEN,1610612749,MIL,Milwaukee Bucks,W,121
0022400847,2025-02-27,CHA @ DAL,1610612766,CHA,Charlotte Hornets,L,96
0022400845,2025-02-27,ORL vs. GSW,1610612753,ORL,Orlando Magic,L,115
0022400848,2025-02-27,PHX vs. NOP,1610612756,PHX,Phoenix Suns,L,116
0022400851,2025-02-28,ATL vs. OKC,1610612737,ATL,Atlanta Hawks,L,119
0022400856,2025-02-28,NYK @ MEM,1610612752,NYK,New York Knicks,W,114
0022400858,2025-02-28,MIN @ UTA,1610612750,MIN,Minnesota Timberwolves,L,116
0022400853,2025-02-28,BKN vs. POR,1610612751,BKN,Brooklyn Nets,L,102
0022400855,2025-02-28,CHI vs. TOR,1610612741,CHI,Chicago Bulls,W,125
0022400857,2025-02-28,NOP @ PHX,1610612740,NOP,New Orleans Pelicans,L,108
0022400850,2025-02-28,DEN @ DET,1610612743,DEN,Denver Nuggets,W,134
0022400854,2025-02-28,MIA vs. IND,1610612748,MIA,Miami Heat,W,125
0022400859,2025-02-28,LAL vs. LAC,1610612747,LAL,Los Angeles Lakers,W,106
0022400852,2025-02-28,CLE @ BOS,1610612739,CLE,Cleveland Cavaliers,W,123
0022400860,2025-03-01,CHA vs. WAS,1610612766,CHA,Charlotte Hornets,L,100
0022400864,2025-03-01,PHI vs. GSW,1610612755,PHI,Philadelphia 76ers,W,126
0022400863,2025-03-01,MEM vs. SAS,1610612763,MEM,Memphis Grizzlies,L,128
0022400865,2025-03-01,DAL vs. MIL,1610612742,DAL,Dallas Mavericks,L,117
0022400861,2025-03-01,DET vs. BKN,1610612765,DET,Detroit Pistons,W,115
0022400862,2025-03-01,SAC @ HOU,1610612758,SAC,Sacramento Kings,W,113
0022400870,2025-03-02,ORL vs. TOR,1610612753,ORL,Orlando Magic,L,102
0022400874,2025-03-02,LAC @ LAL,1610612746,LAC,LA Clippers,L,102
0022400866,2025-03-02,DEN @ BOS,1610612743,DEN,Denver Nuggets,L,103
0022400871,2025-03-02,OKC @ SAS,1610612760,OKC,Oklahoma City Thunder,W,146
0022400869,2025-03-02,NYK @ MIA,1610612752,NYK,New York Knicks,W,116
0022400873,2025-03-02,PHX vs. MIN,1610612756,PHX,Phoenix Suns,L,98
0022400867,2025-03-02,POR @ CLE,1610612757,POR,Portland Trail Blazers,L,129
0022400868,2025-03-02,IND vs. CHI,1610612754,IND,Indiana Pacers,W,127
0022400872,2025-03-02,NOP @ UTA,1610612740,NOP,New Orleans Pelicans,W,128
0022400877,2025-03-03,MIA vs. WAS,1610612748,MIA,Miami Heat,W,106
0022400879,2025-03-03,OKC vs. HOU,1610612760,OKC,Oklahoma City Thunder,W,137
0022400881,2025-03-03,UTA vs. DET,1610612762,UTA,Utah Jazz,L,106
0022400875,2025-03-03,GSW @ CHA,1610612744,GSW,Golden State Warriors,W,119
0022400876,2025-03-03,PHI vs. POR,1610612755,PHI,Philadelphia 76ers,L,102
0022400878,2025-03-03,ATL @ MEM,1610612737,ATL,Atlanta Hawks,W,132
0022400880,2025-03-03,SAC @ DAL,1610612758,SAC,Sacramento Kings,W,122
0022400884,2025-03-04,ATL vs. MIL,1610612737,ATL,Atlanta Hawks,L,121
0022400887,2025-03-04,PHI @ MIN,1610612755,PHI,Philadelphia 76ers,L,112
0022400890,2025-03-04,LAL vs. NOP,1610612747,LAL,Los Angeles Lakers,W,136
0022400889,2025-03-04,PHX vs. LAC,1610612756,PHX,Phoenix Suns,W,119
0022400885,2025-03-04,GSW @ NYK,1610612744,GSW,Golden State Warriors,W,114
0022400882,2025-03-04,HOU @ IND,1610612745,HOU,Houston Rockets,L,102
0022400883,2025-03-04,ORL vs. TOR,1610612753,ORL,Orlando Magic,L,113
0022400886,2025-03-04,CLE @ CHI,1610612739,CLE,Cleveland Cavaliers,W,139
0022400888,2025-03-04,BKN @ SAS,1610612751,BKN,Brooklyn Nets,L,113
0022400892,2025-03-05,CHA vs. MIN,1610612766,CHA,Charlotte Hornets,L,110
0022400896,2025-03-05,DEN vs. SAC,1610612743,DEN,Denver Nuggets,W,116
0022400894,2025-03-05,UTA @ WAS,1610612762,UTA,Utah Jazz,L,122
0022400891,2025-03-05,POR @ BOS,1610612757,POR,Portland Trail Blazers,L,118
0022400895,2025-03-05,MEM vs. OKC,1610612763,MEM,Memphis Grizzlies,L,103
0022400898,2025-03-05,LAC vs. DET,1610612746,LAC,LA Clippers,W,123
0022400893,2025-03-05,CLE vs. MIA,1610612739,CLE,Cleveland Cavaliers,W,112
0022400897,2025-03-05,MIL vs. DAL,1610612749,MIL,Milwaukee Bucks,W,137
0022400944,2025-03-06,ORL vs. CHI,1610612753,ORL,Orlando Magic,L,123
0022400899,2025-03-06,IND @ ATL,1610612754,IND,Indiana Pacers,L,118
0022400902,2025-03-06,HOU @ NOP,1610612745,HOU,Houston Rockets,W,109
0022400900,2025-03-06,BOS vs. PHI,1610612738,BOS,Boston Celtics,W,123
0022400901,2025-03-06,BKN vs. GSW,1610612751,BKN,Brooklyn Nets,L,119
0022400903,2025-03-06,LAL vs. NYK,1610612747,LAL,Los Angeles Lakers,W,113
0022400906,2025-03-07,DAL vs. MEM,1610612742,DAL,Dallas Mavericks,L,111
0022400905,2025-03-07,TOR vs. UTA,1610612761,TOR,Toronto Raptors,W,118
0022400910,2025-03-07,SAS @ SAC,1610612759,SAS,San Antonio Spurs,L,109
0022400909,2025-03-07,PHX @ DEN,1610612756,PHX,Phoenix Suns,L,141
0022400908,2025-03-07,POR @ OKC,1610612757,POR,Portland Trail Blazers,L,89
0022400911,2025-03-07,NYK @ LAC,1610612752,NYK,New York Knicks,L,95
0022400907,2025-03-07,MIA vs. MIN,1610612748,MIA,Miami Heat,L,104
0022400904,2025-03-07,CHA vs. CLE,1610612766,CHA,Charlotte Hornets,L,117
0022400913,2025-03-08,HOU vs. NOP,1610612745,HOU,Houston Rockets,W,146
0022400912,2025-03-08,BKN @ CHA,1610612751,BKN,Brooklyn Nets,L,102
0022400915,2025-03-08,WAS @ TOR,1610612764,WAS,Washington Wizards,W,118
0022400919,2025-03-08,DET @ GSW,1610612765,DET,Detroit Pistons,L,110
0022400918,2025-03-08,BOS vs. LAL,1610612738,BOS,Boston Celtics,W,111
0022400917,2025-03-08,ORL @ MIL,1610612753,ORL,Orlando Magic,W,111
0022400916,2025-03-08,MIA vs. CHI,1610612748,MIA,Miami Heat,L,109
0022400914,2025-03-08,IND @ ATL,1610612754,IND,Indiana Pacers,L,118
0022400925,2025-03-09,MIN vs. SAS,1610612750,MIN,Minnesota Timberwolves,W,141
0022400924,2025-03-09,PHI vs. UTA,1610612755,PHI,Philadelphia 76ers,W,126
0022400927,2025-03-09,LAC vs. SAC,1610612746,LAC,LA Clippers,W,111
0022400921,2025-03-09,DAL vs. PHX,1610612742,DAL,Dallas Mavericks,L,116
0022400926,2025-03-09,POR vs. DET,1610612757,POR,Portland Trail Blazers,L,112
0022400922,2025-03-09,MIL vs. CLE,1610612749,MIL,Milwaukee Bucks,L,100
0022400923,2025-03-09,MEM @ NOP,1610612763,MEM,Memphis Grizzlies,W,107
0022400920,2025-03-09,OKC vs. DEN,1610612760,OKC,Oklahoma City Thunder,W,127
0022400931,2025-03-10,CHA @ MIA,1610612766,CHA,Charlotte Hornets,W,105
0022400932,2025-03-10,WAS @ TOR,1610612764,WAS,Washington Wizards,L,104
0022400933,2025-03-10,CHI vs. IND,1610612741,CHI,Chicago Bulls,W,121
0022400930,2025-03-10,LAL @ BKN,1610612747,LAL,Los Angeles Lakers,L,108
0022400929,2025-03-10,BOS vs. UTA,1610612738,BOS,Boston Celtics,W,114
0022400928,2025-03-10,PHI @ ATL,1610612755,PHI,Philadelphia 76ers,L,123
0022400937,2025-03-10,SAS vs. DAL,1610612759,SAS,San Antonio Spurs,L,129
0022400939,2025-03-10,SAC vs. NYK,1610612758,SAC,Sacramento Kings,L,104
0022400938,2025-03-10,GSW vs. POR,1610612744,GSW,Golden State Warriors,W,130
0022400934,2025-03-10,HOU vs. ORL,1610612745,HOU,Houston Rockets,W,97
0022400936,2025-03-10,DEN @ OKC,1610612743,DEN,Denver Nuggets,W,140
0022400935,2025-03-10,MEM vs. PHX,1610612763,MEM,Memphis Grizzlies,W,120
0022400941,2025-03-11,WAS @ DET,1610612764,WAS,Washington Wizards,L,103
0022400940,2025-03-11,CLE vs. BKN,1610612739,CLE,Cleveland Cavaliers,W,109
0022400942,2025-03-11,IND vs. MIL,1610612754,IND,Indiana Pacers,W,115
0022400943,2025-03-11,LAC @ NOP,1610612746,LAC,LA Clippers,L,120
0022400947,2025-03-12,PHI @ TOR,1610612755,PHI,Philadelphia 76ers,L,105
0022400950,2025-03-12,UTA @ MEM,1610612762,UTA,Utah Jazz,L,115
0022400952,2025-03-12,DEN vs. MIN,1610612743,DEN,Denver Nuggets,L,95
0022400945,2025-03-12,ATL vs. CHA,1610612737,ATL,Atlanta Hawks,W,123
0022400951,2025-03-12,SAS vs. DAL,1610612759,SAS,San Antonio Spurs,W,126
0022400946,2025-03-12,OKC @ BOS,1610612760,OKC,Oklahoma City Thunder,W,118
0022400949,2025-03-12,HOU vs. PHX,1610612745,HOU,Houston Rockets,W,111
0022400948,2025-03-12,MIA vs. LAC,1610612748,MIA,Miami Heat,L,104
0022400953,2025-03-12,POR vs. NYK,1610612757,POR,Portland Trail Blazers,L,113
0022400957,2025-03-13,SAC @ GSW,1610612758,SAC,Sacramento Kings,L,104
0022400955,2025-03-13,MIL vs. LAL,1610612749,MIL,Milwaukee Bucks,W,126
0022400956,2025-03-13,CHI vs. BKN,1610612741,CHI,Chicago Bulls,W,116
0022401141,2025-03-13,ORL @ NOP,1610612753,ORL,Orlando Magic,W,113
0022400954,2025-03-13,DET vs. WAS,1610612765,DET,Detroit Pistons,L,125
0022400967,2025-03-14,SAC @ PHX,1610612758,SAC,Sacramento Kings,L,106
0022400959,2025-03-14,PHI vs. IND,1610612755,PHI,Philadelphia 76ers,L,100
0022400964,2025-03-14,SAS vs. CHA,1610612759,SAS,San Antonio Spurs,L,134
0022400958,2025-03-14,BOS @ MIA,1610612738,BOS,Boston Celtics,W,103
0022400963,2025-03-14,ORL @ MIN,1610612753,ORL,Orlando Magic,L,111
0022400960,2025-03-14,ATL vs. LAC,1610612737,ATL,Atlanta Hawks,L,98
0022400965,2025-03-14,DEN vs. LAL,1610612743,DEN,Denver Nuggets,W,131
0022400966,2025-03-14,TOR @ UTA,1610612761,TOR,Toronto Raptors,W,126
0022400961,2025-03-14,DAL @ HOU,1610612742,DAL,Dallas Mavericks,L,96
0022400962,2025-03-14,CLE @ MEM,1610612739,CLE,Cleveland Cavaliers,W,133
0022400972,2025-03-15,MIL vs. IND,1610612749,MIL,Milwaukee Bucks,W,126
0022400970,2025-03-15,HOU vs. CHI,1610612745,HOU,Houston Rockets,W,117
0022400968,2025-03-15,BKN vs. BOS,1610612751,BKN,Brooklyn Nets,L,113
0022400971,2025-03-15,MIA @ MEM,1610612748,MIA,Miami Heat,L,91
0022400969,2025-03-15,OKC @ DET,1610612760,OKC,Oklahoma City Thunder,W,113
0022400973,2025-03-15,SAS vs. NOP,1610612759,SAS,San Antonio Spurs,W,119
0022400974,2025-03-15,NYK @ GSW,1610612752,NYK,New York Knicks,L,94
0022400975,2025-03-15,DEN vs. WAS,1610612743,DEN,Denver Nuggets,L,123
0022400980,2025-03-16,POR vs. TOR,1610612757,POR,Portland Trail Blazers,W,105
0022400979,2025-03-16,ORL @ CLE,1610612753,ORL,Orlando Magic,W,108
0022400978,2025-03-16,BKN vs. ATL,1610612751,BKN,Brooklyn Nets,W,122
0022400538,2025-03-16,CHA @ LAC,1610612766,CHA,Charlotte Hornets,L,88
0022400976,2025-03-16,DAL vs. PHI,1610612742,DAL,Dallas Mavericks,L,125
0022400981,2025-03-16,UTA @ MIN,1610612762,UTA,Utah Jazz,L,102
0022400982,2025-03-16,OKC @ MIL,1610612760,OKC,Oklahoma City Thunder,W,121
0022400977,2025-03-16,PHX @ LAL,1610612756,PHX,Phoenix Suns,L,96
0022400992,2025-03-17,SAC vs. MEM,1610612758,SAC,Sacramento Kings,W,132
0022400995,2025-03-17,WAS @ POR,1610612764,WAS,Washington Wizards,L,97
0022400991,2025-03-17,TOR @ PHX,1610612761,TOR,Toronto Raptors,L,89
0022400989,2025-03-17,UTA vs. CHI,1610612762,UTA,Utah Jazz,L,97
0022400537,2025-03-17,SAS @ LAL,1610612759,SAS,San Antonio Spurs,L,109
0022400990,2025-03-17,GSW vs. DEN,1610612744,GSW,Golden State Warriors,L,105
0022400985,2025-03-17,HOU vs. PHI,1610612745,HOU,Houston Rockets,W,144
0022400987,2025-03-17,DET @ NOP,1610612765,DET,Detroit Pistons,W,127
0022400984,2025-03-17,NYK vs. MIA,1610612752,NYK,New York Knicks,W,116
0022400986,2025-03-17,MIN vs. IND,1610612750,MIN,Minnesota Timberwolves,L,130
0022401012,2025-03-18,GSW vs. MIL,1610612744,GSW,Golden State Warriors,W,104
0022400993,2025-03-18,ATL @ CHA,1610612737,ATL,Atlanta Hawks,W,134
0022400997,2025-03-18,LAC vs. CLE,1610612746,LAC,LA Clippers,W,132
0022400994,2025-03-18,BKN @ BOS,1610612751,BKN,Brooklyn Nets,L,96
0022401001,2025-03-19,MIN vs. NOP,1610612750,MIN,Minnesota Timberwolves,L,115
0022400998,2025-03-19,DAL @ IND,1610612742,DAL,Dallas Mavericks,L,131
0022401008,2025-03-19,POR vs. MEM,1610612757,POR,Portland Trail Blazers,W,115
0022401006,2025-03-19,LAL vs. DEN,1610612747,LAL,Los Angeles Lakers,W,120
0022401009,2025-03-19,CLE @ SAC,1610612739,CLE,Cleveland Cavaliers,L,119
0022400999,2025-03-19,ORL vs. HOU,1610612753,ORL,Orlando Magic,L,108
0022401002,2025-03-19,OKC vs. PHI,1610612760,OKC,Oklahoma City Thunder,W,133
0022401003,2025-03-19,NYK @ SAS,1610612752,NYK,New York Knicks,L,105
0022401007,2025-03-19,CHI @ PHX,1610612741,CHI,Chicago Bulls,L,121
0022401000,2025-03-19,DET @ MIA,1610612765,DET,Detroit Pistons,W,116
0022400627,2025-03-19,WAS @ UTA,1610612764,WAS,Washington Wizards,L,112
0022401013,2025-03-20,SAC vs. CHI,1610612758,SAC,Sacramento Kings,L,116
0022401010,2025-03-20,CHA vs. NYK,1610612766,CHA,Charlotte Hornets,W,115
0022400996,2025-03-20,LAL vs. MIL,1610612747,LAL,Los Angeles Lakers,L,89
0022401011,2025-03-20,IND vs. BKN,1610612754,IND,Indiana Pacers,W,105
0022401005,2025-03-20,GSW vs. TOR,1610612744,GSW,Golden State Warriors,W,117
0022401016,2025-03-21,NOP @ MIN,1610612740,NOP,New Orleans Pelicans,L,93
0022401019,2025-03-21,DAL vs. DET,1610612742,DAL,Dallas Mavericks,W,123
0022401023,2025-03-21,LAC vs. MEM,1610612746,LAC,LA Clippers,W,128
0022401014,2025-03-21,ORL @ WAS,1610612753,ORL,Orlando Magic,W,120
0022401018,2025-03-21,SAS vs. PHI,1610612759,SAS,San Antonio Spurs,W,128
0022401020,2025-03-21,BOS @ UTA,1610612738,BOS,Boston Celtics,W,121
0022401017,2025-03-21,OKC vs. CHA,1610612760,OKC,Oklahoma City Thunder,W,141
0022401022,2025-03-21,POR vs. DEN,1610612757,POR,Portland Trail Blazers,W,128
0022401015,2025-03-21,MIA vs. HOU,1610612748,MIA,Miami Heat,L,98
0022401021,2025-03-21,CLE @ PHX,1610612739,CLE,Cleveland Cavaliers,L,112
0022401026,2025-03-22,WAS @ NYK,1610612764,WAS,Washington Wizards,L,103
0022401028,2025-03-22,LAL vs. CHI,1610612747,LAL,Los Angeles Lakers,L,115
0022401027,2025-03-22,SAC vs. MIL,1610612758,SAC,Sacramento Kings,L,108
0022401025,2025-03-22,ATL vs. GSW,1610612737,ATL,Atlanta Hawks,W,124
0022401024,2025-03-22,BKN @ IND,1610612751,BKN,Brooklyn Nets,L,103
0022401032,2025-03-23,MIA vs. CHA,1610612748,MIA,Miami Heat,W,122
0022401036,2025-03-23,LAC vs. OKC,1610612746,LAC,LA Clippers,L,101
0022401031,2025-03-23,ATL vs. PHI,1610612737,ATL,Atlanta Hawks,W,132
0022401034,2025-03-23,POR vs. BOS,1610612757,POR,Portland Trail Blazers,L,116
0022401029,2025-03-23,NOP @ DET,1610612740,NOP,New Orleans Pelicans,L,130
0022401030,2025-03-23,UTA vs. CLE,1610612762,UTA,Utah Jazz,L,91
0022401033,2025-03-23,SAS @ TOR,1610612759,SAS,San Antonio Spurs,W,123
0022401035,2025-03-23,HOU vs. DEN,1610612745,HOU,Houston Rockets,L,111
0022401038,2025-03-24,LAL @ ORL,1610612747,LAL,Los Angeles Lakers,L,106
0022401044,2025-03-24,SAC vs. BOS,1610612758,SAC,Sacramento Kings,L,95
0022401039,2025-03-24,TOR @ WAS,1610612761,TOR,Toronto Raptors,W,112
0022401040,2025-03-24,BKN vs. DAL,1610612751,BKN,Brooklyn Nets,L,101
0022401043,2025-03-24,PHX vs. MIL,1610612756,PHX,Phoenix Suns,W,108
0022401037,2025-03-24,IND vs. MIN,1610612754,IND,Indiana Pacers,W,119
0022401042,2025-03-24,DEN vs. CHI,1610612743,DEN,Denver Nuggets,L,119
0022401041,2025-03-24,NOP vs. PHI,1610612740,NOP,New Orleans Pelicans,W,112
0022401045,2025-03-25,ORL @ CHA,1610612753,ORL,Orlando Magic,W,111
0022401047,2025-03-25,MIA vs. GSW,1610612748,MIA,Miami Heat,W,112
0022401049,2025-03-25,ATL @ HOU,1610612737,ATL,Atlanta Hawks,L,114
0022401051,2025-03-25,CLE @ POR,1610612739,CLE,Cleveland Cavaliers,W,122
0022401046,2025-03-25,DET vs. SAS,1610612765,DET,Detroit Pistons,W,122
0022401052,2025-03-25,OKC @ SAC,1610612760,OKC,Oklahoma City Thunder,W,121
0022401048,2025-03-25,DAL @ NYK,1610612742,DAL,Dallas Mavericks,L,113
0022401050,2025-03-25,UTA vs. MEM,1610612762,UTA,Utah Jazz,L,103
0022401056,2025-03-26,NYK vs. LAC,1610612752,NYK,New York Knicks,L,113
0022401055,2025-03-26,LAL @ IND,1610612747,LAL,Los Angeles Lakers,W,120
0022401053,2025-03-26,WAS @ PHI,1610612764,WAS,Washington Wizards,W,119
0022401054,2025-03-26,TOR @ BKN,1610612761,TOR,Toronto Raptors,W,116
0022401057,2025-03-26,DEN vs. MIL,1610612743,DEN,Denver Nuggets,W,127
0022401058,2025-03-26,BOS @ PHX,1610612738,BOS,Boston Celtics,W,132
0022401065,2025-03-27,HOU @ UTA,1610612745,HOU,Houston Rockets,W,121
0022401062,2025-03-27,MIA vs. ATL,1610612748,MIA,Miami Heat,W,122
0022401059,2025-03-27,SAS @ CLE,1610612759,SAS,San Antonio Spurs,L,116
0022401060,2025-03-27,ORL vs. DAL,1610612753,ORL,Orlando Magic,L,92
0022401061,2025-03-27,IND @ WAS,1610612754,IND,Indiana Pacers,W,162
0022401063,2025-03-27,LAL @ CHI,1610612747,LAL,Los Angeles Lakers,L,117
0022401064,2025-03-27,OKC vs. MEM,1610612760,OKC,Oklahoma City Thunder,W,125
0022401066,2025-03-27,SAC vs. POR,1610612758,SAC,Sacramento Kings,W,128
0022401073,2025-03-28,UTA @ DEN,1610612762,UTA,Utah Jazz,L,93
0022401067,2025-03-28,CLE @ DET,1610612739,CLE,Cleveland Cavaliers,L,122
0022401068,2025-03-28,BKN vs. LAC,1610612751,BKN,Brooklyn Nets,L,100
0022401069,2025-03-28,CHA @ TOR,1610612766,CHA,Charlotte Hornets,L,97
0022401072,2025-03-28,GSW @ NOP,1610612744,GSW,Golden State Warriors,W,111
0022401071,2025-03-28,MIN vs. PHX,1610612750,MIN,Minnesota Timberwolves,W,124
0022401070,2025-03-28,NYK @ MIL,1610612752,NYK,New York Knicks,W,116
0022401079,2025-03-29,IND @ OKC,1610612754,IND,Indiana Pacers,L,111
0022401076,2025-03-29,PHI vs. MIA,1610612755,PHI,Philadelphia 76ers,L,95
0022401074,2025-03-29,ORL vs. SAC,1610612753,ORL,Orlando Magic,W,121
0022401077,2025-03-29,CHI vs. DAL,1610612741,CHI,Chicago Bulls,L,119
0022401075,2025-03-29,WAS vs. BKN,1610612764,WAS,Washington Wizards,L,112
0022401078,2025-03-29,LAL @ MEM,1610612747,LAL,Los Angeles Lakers,W,134
0022401080,2025-03-29,BOS @ SAS,1610612738,BOS,Boston Celtics,W,121
0022401086,2025-03-30,GSW @ SAS,1610612744,GSW,Golden State Warriors,W,148
0022401082,2025-03-30,NYK vs. POR,1610612752,NYK,New York Knicks,W,110
0022401083,2025-03-30,MIL vs. ATL,1610612749,MIL,Milwaukee Bucks,L,124
0022401085,2025-03-30,NOP vs. CHA,1610612740,NOP,New Orleans Pelicans,W,98
0022401084,2025-03-30,MIN vs. DET,1610612750,MIN,Minnesota Timberwolves,W,123
0022401088,2025-03-30,PHX vs. HOU,1610612756,PHX,Phoenix Suns,L,109
0022401087,2025-03-30,TOR @ PHI,1610612761,TOR,Toronto Raptors,W,127
0022401081,2025-03-30,LAC @ CLE,1610612746,LAC,LA Clippers,L,122
0022401089,2025-03-31,CHA vs. UTA,1610612766,CHA,Charlotte Hornets,W,110
0022401095,2025-03-31,BKN @ DAL,1610612751,BKN,Brooklyn Nets,W,113
0022401092,2025-03-31,WAS vs. MIA,1610612764,WAS,Washington Wizards,L,94
0022401093,2025-03-31,BOS @ MEM,1610612738,BOS,Boston Celtics,W,117
0022401096,2025-03-31,LAL vs. HOU,1610612747,LAL,Los Angeles Lakers,W,104
0022401090,2025-03-31,IND vs. SAC,1610612754,IND,Indiana Pacers,W,111
0022401094,2025-03-31,CHI @ OKC,1610612741,CHI,Chicago Bulls,L,117
0022401091,2025-03-31,LAC @ ORL,1610612746,LAC,LA Clippers,W,96
0022401100,2025-04-01,MEM vs. GSW,1610612763,MEM,Memphis Grizzlies,L,125
0022401101,2025-04-01,MIL vs. PHX,1610612749,MIL,Milwaukee Bucks,W,133
0022401097,2025-04-01,ATL vs. POR,1610612737,ATL,Atlanta Hawks,L,113
0022401099,2025-04-01,CHI vs. TOR,1610612741,CHI,Chicago Bulls,W,137
0022401102,2025-04-01,MIN @ DEN,1610612750,MIN,Minnesota Timberwolves,W,140
0022400988,2025-04-01,ORL @ SAS,1610612753,ORL,Orlando Magic,W,116
0022401098,2025-04-01,PHI @ NYK,1610612755,PHI,Philadelphia 76ers,L,91
0022401104,2025-04-02,CHA @ IND,1610612766,CHA,Charlotte Hornets,L,105
0022401103,2025-04-02,CLE vs. NYK,1610612739,CLE,Cleveland Cavaliers,W,124
0022401107,2025-04-02,HOU vs. UTA,1610612745,HOU,Houston Rockets,W,143
0022401109,2025-04-02,DAL vs. ATL,1610612742,DAL,Dallas Mavericks,W,120
0022401105,2025-04-02,SAC @ WAS,1610612758,SAC,Sacramento Kings,L,111
0022401110,2025-04-02,SAS @ DEN,1610612759,SAS,San Antonio Spurs,W,113
0022401111,2025-04-02,NOP @ LAC,1610612740,NOP,New Orleans Pelicans,L,98
0022401106,2025-04-02,BOS vs. MIA,1610612738,BOS,Boston Celtics,L,103
0022401108,2025-04-02,OKC vs. DET,1610612760,OKC,Oklahoma City Thunder,W,119
0022401114,2025-04-03,MEM @ MIA,1610612763,MEM,Memphis Grizzlies,W,110
0022401115,2025-04-03,MIL @ PHI,1610612749,MIL,Milwaukee Bucks,W,126
0022401116,2025-04-03,POR @ TOR,1610612757,POR,Portland Trail Blazers,W,112
0022401112,2025-04-03,WAS vs. ORL,1610612764,WAS,Washington Wizards,L,97
0022401117,2025-04-03,LAL vs. GSW,1610612747,LAL,Los Angeles Lakers,L,116
0022401113,2025-04-03,MIN @ BKN,1610612750,MIN,Minnesota Timberwolves,W,105
0022401124,2025-04-04,SAS vs. CLE,1610612759,SAS,San Antonio Spurs,L,113
0022401122,2025-04-04,POR @ CHI,1610612757,POR,Portland Trail Blazers,L,113
0022401126,2025-04-04,LAL vs. NOP,1610612747,LAL,Los Angeles Lakers,W,124
0022401121,2025-04-04,DET @ TOR,1610612765,DET,Detroit Pistons,W,117
0022401119,2025-04-04,UTA @ IND,1610612762,UTA,Utah Jazz,L,112
0022401123,2025-04-04,OKC @ HOU,1610612760,OKC,Oklahoma City Thunder,L,111
0022401118,2025-04-04,SAC @ CHA,1610612758,SAC,Sacramento Kings,W,125
0022401127,2025-04-04,LAC vs. DAL,1610612746,LAC,LA Clippers,W,114
0022401120,2025-04-04,PHX @ BOS,1610612756,PHX,Phoenix Suns,L,103
0022401125,2025-04-04,DEN @ GSW,1610612743,DEN,Denver Nuggets,L,104
0022401129,2025-04-05,DET vs. MEM,1610612765,DET,Detroit Pistons,L,103
0022401132,2025-04-05,LAC vs. DAL,1610612746,LAC,LA Clippers,W,135
0022401128,2025-04-05,NYK @ ATL,1610612752,NYK,New York Knicks,W,121
0022401131,2025-04-05,MIA vs. MIL,1610612748,MIA,Miami Heat,L,115
0022401130,2025-04-05,MIN @ PHI,1610612750,MIN,Minnesota Timberwolves,W,114
0022401135,2025-04-06,LAL @ OKC,1610612747,LAL,Los Angeles Lakers,W,126
0022401133,2025-04-06,CHI @ CHA,1610612741,CHI,Chicago Bulls,W,131
0022401134,2025-04-06,TOR @ BKN,1610612761,TOR,Toronto Raptors,W,120
0022401138,2025-04-06,CLE vs. SAC,1610612739,CLE,Cleveland Cavaliers,L,113
0022401139,2025-04-06,POR vs. SAS,1610612757,POR,Portland Trail Blazers,W,120
0022401137,2025-04-06,BOS vs. WAS,1610612738,BOS,Boston Celtics,W,124
0022401136,2025-04-06,UTA @ ATL,1610612762,UTA,Utah Jazz,L,134
0022401143,2025-04-06,HOU @ GSW,1610612745,HOU,Houston Rockets,W,106
0022401140,2025-04-06,PHX @ NYK,1610612756,PHX,Phoenix Suns,L,98
0022401142,2025-04-06,IND @ DEN,1610612754,IND,Indiana Pacers,W,125
0022400617,2025-04-06,MIL @ NOP,1610612749,MIL,Milwaukee Bucks,W,111
0022401144,2025-04-07,SAC @ DET,1610612758,SAC,Sacramento Kings,W,127
0022401145,2025-04-07,PHI @ MIA,1610612755,PHI,Philadelphia 76ers,L,105
0022401153,2025-04-08,LAL @ OKC,1610612747,LAL,Los Angeles Lakers,L,120
0022401148,2025-04-08,WAS @ IND,1610612764,WAS,Washington Wizards,L,98
0022401146,2025-04-08,CHA vs. MEM,1610612766,CHA,Charlotte Hornets,L,100
0022401149,2025-04-08,ATL @ ORL,1610612737,ATL,Atlanta Hawks,L,112
0022401147,2025-04-08,CHI @ CLE,1610612741,CHI,Chicago Bulls,L,113
0022401155,2025-04-08,LAC vs. SAS,1610612746,LAC,LA Clippers,W,122
0022401154,2025-04-08,PHX vs. GSW,1610612756,PHX,Phoenix Suns,L,95
0022401151,2025-04-08,BOS @ NYK,1610612738,BOS,Boston Celtics,W,119
0022401152,2025-04-08,MIN @ MIL,1610612750,MIN,Minnesota Timberwolves,L,103
0022401150,2025-04-08,NOP @ BKN,1610612740,NOP,New Orleans Pelicans,L,114
0022401165,2025-04-09,SAC vs. DEN,1610612758,SAC,Sacramento Kings,L,116
0022401156,2025-04-09,BOS @ ORL,1610612738,BOS,Boston Celtics,L,76
0022401163,2025-04-09,GSW vs. SAS,1610612744,GSW,Golden State Warriors,L,111
0022401164,2025-04-09,PHX vs. OKC,1610612756,PHX,Phoenix Suns,L,112
0022401160,2025-04-09,CHI vs. MIA,1610612741,CHI,Chicago Bulls,W,119
0022401166,2025-04-09,LAC vs. HOU,1610612746,LAC,LA Clippers,W,134
0022401158,2025-04-09,TOR vs. CHA,1610612761,TOR,Toronto Raptors,W,126
0022401157,2025-04-09,WAS vs. PHI,1610612764,WAS,Washington Wizards,L,103
0022401162,2025-04-09,POR @ UTA,1610612757,POR,Portland Trail Blazers,L,126
0022401159,2025-04-09,LAL @ DAL,1610612747,LAL,Los Angeles Lakers,W,112
0022401170,2025-04-10,MIN @ MEM,1610612750,MIN,Minnesota Timberwolves,W,141
0022401169,2025-04-10,ATL @ BKN,1610612737,ATL,Atlanta Hawks,W,133
0022401168,2025-04-10,CLE @ IND,1610612739,CLE,Cleveland Cavaliers,L,112
0022401167,2025-04-10,DET vs. NYK,1610612765,DET,Detroit Pistons,W,115
0022401161,2025-04-10,NOP @ MIL,1610612740,NOP,New Orleans Pelicans,L,111
0022401183,2025-04-11,POR vs. GSW,1610612757,POR,Portland Trail Blazers,L,86
0022401179,2025-04-11,MIN vs. BKN,1610612750,MIN,Minnesota Timberwolves,W,117
0022401177,2025-04-11,NOP vs. MIA,1610612740,NOP,New Orleans Pelicans,L,104
0022401182,2025-04-11,PHX vs. SAS,1610612756,PHX,Phoenix Suns,W,117
0022401175,2025-04-11,CLE @ NYK,1610612739,CLE,Cleveland Cavaliers,W,108
0022401176,2025-04-11,WAS @ CHI,1610612764,WAS,Washington Wizards,L,89
0022401171,2025-04-11,DET vs. MIL,1610612765,DET,Detroit Pistons,L,119
0022401181,2025-04-11,OKC @ UTA,1610612760,OKC,Oklahoma City Thunder,W,145
0022401173,2025-04-11,ATL @ PHI,1610612737,ATL,Atlanta Hawks,W,124
0022401185,2025-04-11,HOU @ LAL,1610612745,HOU,Houston Rockets,L,109
0022401172,2025-04-11,ORL @ IND,1610612753,ORL,Orlando Magic,W,129
0022401178,2025-04-11,TOR @ DAL,1610612761,TOR,Toronto Raptors,L,102
0022401180,2025-04-11,DEN vs. MEM,1610612743,DEN,Denver Nuggets,W,117
0022401184,2025-04-11,LAC @ SAC,1610612746,LAC,LA Clippers,W,101
0022401174,2025-04-11,BOS vs. CHA,1610612738,BOS,Boston Celtics,W,130
0022401197,2025-04-13,TOR @ SAS,1610612761,TOR,Toronto Raptors,L,118
0022401191,2025-04-13,CHI @ PHI,1610612741,CHI,Chicago Bulls,W,122
0022401193,2025-04-13,DEN @ HOU,1610612743,DEN,Denver Nuggets,W,126
0022401187,2025-04-13,CHA @ BOS,1610612766,CHA,Charlotte Hornets,L,86
0022401200,2025-04-13,PHX @ SAC,1610612756,PHX,Phoenix Suns,L,98
0022401189,2025-04-13,IND @ CLE,1610612754,IND,Indiana Pacers,W,126
0022401194,2025-04-13,DAL @ MEM,1610612742,DAL,Dallas Mavericks,L,97
0022401199,2025-04-13,LAL @ POR,1610612747,LAL,Los Angeles Lakers,L,81
0022401198,2025-04-13,GSW vs. LAC,1610612744,GSW,Golden State Warriors,L,119
0022401195,2025-04-13,UTA @ MIN,1610612762,UTA,Utah Jazz,L,105
0022401186,2025-04-13,ATL vs. ORL,1610612737,ATL,Atlanta Hawks,W,117
0022401196,2025-04-13,OKC @ NOP,1610612760,OKC,Oklahoma City Thunder,W,115
0022401188,2025-04-13,NYK @ BKN,1610612752,NYK,New York Knicks,W,113
0022401192,2025-04-13,MIL vs. DET,1610612749,MIL,Milwaukee Bucks,W,140
0022401190,2025-04-13,MIA vs. WAS,1610612748,MIA,Miami Heat,L,118
